,,Torrent Pharmaceuticals Ltd.,,,,Nifty 50,,
DATE,,PREV. CLOSE,CLOSE,Daily Return,,OPEN,CLOSE,Daily Return %
22-11-2024,,3101.95,3167.1,2.100291752,,23411.8,23907.25,2.116240528
21-11-2024,,3094.85,3101.95,0.22941338,,23488.45,23349.9,-0.58986438
19-11-2024,,3105.6,3094.85,-0.346148892,,23529.55,23518.5,-0.046962224
18-11-2024,,3102.4,3105.6,0.103145952,,23605.3,23453.8,-0.641805018
14-11-2024,,3116.6,3102.4,-0.455624719,,23542.15,23532.7,-0.040140769
13-11-2024,,3151.05,3116.6,-1.093286365,,23822.45,23559.05,-1.105679726
12-11-2024,,3151.65,3151.05,-0.019037647,,24225.8,23883.45,-1.413162826
11-11-2024,,3199.85,3151.65,-1.506320609,,24087.25,24141.3,0.224392573
08-11-2024,,3162.95,3199.85,1.166632416,,24207.7,24148.2,-0.245789563
07-11-2024,,3209.9,3162.95,-1.462662388,,24489.6,24199.35,-1.185196982
06-11-2024,,3184.15,3209.9,0.808693058,,24308.75,24484.05,0.721139507
05-11-2024,,3200.55,3184.15,-0.512411929,,23916.5,24213.3,1.240984258
04-11-2024,,3205.3,3200.55,-0.148192057,,24315.75,23995.35,-1.317664477
01-11-2024,,3202.65,3205.3,0.082743978,,24302.75,24304.35,0.006583617
31-10-2024,,3137.8,3202.65,2.066734655,,24349.85,24205.35,-0.593432814
30-10-2024,,3215.65,3137.8,-2.420972432,,24371.45,24340.85,-0.125556748
29-10-2024,,3316.7,3215.65,-3.046703048,,24328.85,24466.85,0.567227797
28-10-2024,,3432.85,3316.7,-3.383486025,,24251.1,24339.15,0.363076314
25-10-2024,,3321.3,3432.85,3.358624635,,24418.05,24180.8,-0.971617308
24-10-2024,,3318.95,3321.3,0.070805526,,24412.7,24399.4,-0.05447984
23-10-2024,,3339.65,3318.95,-0.619825431,,24378.15,24435.5,0.23525165
22-10-2024,,3392.5,3339.65,-1.557848195,,24798.65,24472.1,-1.316805552
21-10-2024,,3449.5,3392.5,-1.652413393,,24956.15,24781.1,-0.701430309
18-10-2024,,3396.65,3449.5,1.555944828,,24664.95,24854.05,0.766674978
17-10-2024,,3515.35,3396.65,-3.376619682,,25027.4,24749.85,-1.108984553
16-10-2024,,3497.6,3515.35,0.507490851,,25008.55,24971.3,-0.148949059
15-10-2024,,3489.95,3497.6,0.219200848,,25186.3,25057.35,-0.51198469
14-10-2024,,3497.05,3489.95,-0.203028267,,25023.45,25127.95,0.417608283
11-10-2024,,3443.25,3497.05,1.562477311,,24985.3,24964.25,-0.084249539
10-10-2024,,3557.25,3443.25,-3.204722749,,25067.05,24998.45,-0.273666028
09-10-2024,,3517.45,3557.25,1.131501514,,25065.8,24981.95,-0.334519545
08-10-2024,,3405.1,3517.45,3.299462571,,24832.2,25013.15,0.728690974
07-10-2024,,3473.55,3405.1,-1.97060644,,25084.1,24795.75,-1.149532971
04-10-2024,,3392.15,3473.55,2.399658034,,25181.9,25014.6,-0.664366072
03-10-2024,,3369.9,3392.15,0.660256981,,25452.85,25250.1,-0.796570914
01-10-2024,,3396.55,3369.9,-0.784619688,,25788.45,25796.9,0.032766607
30-09-2024,,3482.6,3396.55,-2.470855108,,26061.3,25810.85,-0.96100348
27-09-2024,,3412.3,3482.6,2.060194004,,26248.25,26178.95,-0.264017601
26-09-2024,,3428.05,3412.3,-0.459444874,,26005.4,26216.05,0.810024072
25-09-2024,,3470.9,3428.05,-1.234550117,,25899.45,26004.15,0.404255689
24-09-2024,,3457.65,3470.9,0.383208248,,25921.45,25940.4,0.073105478
23-09-2024,,3457.8,3457.65,-0.004338018,,25872.55,25939.05,0.257029168
20-09-2024,,3351.9,3457.8,3.15940213,,25525.95,25790.95,1.038159207
19-09-2024,,3359.6,3351.9,-0.229193952,,25487.05,25415.8,-0.279553734
18-09-2024,,3453.25,3359.6,-2.711938029,,25402.4,25377.55,-0.097825402
17-09-2024,,3453.9,3453.25,-0.018819306,,25416.9,25418.55,0.006491744
16-09-2024,,3451.7,3453.9,0.063736709,,25406.65,25383.75,-0.090133882
13-09-2024,,3461.45,3451.7,-0.281673865,,25430.45,25356.5,-0.290793124
12-09-2024,,3435.55,3461.45,0.753882202,,25059.65,25388.9,1.313865118
11-09-2024,,3426.15,3435.55,0.274360434,,25034,24918.45,-0.461572262
10-09-2024,,3431.1,3426.15,-0.144268602,,24999.4,25041.1,0.166804003
09-09-2024,,3416.7,3431.1,0.421459303,,24823.4,24936.4,0.455215643
06-09-2024,,3442.5,3416.7,-0.749455338,,25093.7,24852.15,-0.962592204
05-09-2024,,3462.85,3442.5,-0.587666229,,25250.5,25145.1,-0.417417477
04-09-2024,,3426.1,3462.85,1.072648201,,25089.95,25198.7,0.433440481
03-09-2024,,3429.75,3426.1,-0.106421751,,25313.4,25279.85,-0.132538497
02-09-2024,,3485.15,3429.75,-1.589601595,,25333.6,25278.7,-0.216708245
30-08-2024,,3434.55,3485.15,1.473264329,,25249.7,25235.9,-0.054654115
29-08-2024,,3419.45,3434.55,0.441591484,,25035.3,25151.95,0.46594209
28-08-2024,,3362,3419.45,1.708804283,,25030.8,25052.35,0.086093932
27-08-2024,,3342.8,3362,0.574368793,,25024.8,25017.75,-0.028172053
26-08-2024,,3349.35,3342.8,-0.195560333,,24906.1,25010.6,0.419575927
23-08-2024,,3362.6,3349.35,-0.394040326,,24845.4,24823.15,-0.089553801
22-08-2024,,3350.75,3362.6,0.353652167,,24863.4,24811.5,-0.208740558
21-08-2024,,3362.5,3350.75,-0.349442379,,24680.55,24770.2,0.3632415
20-08-2024,,3349.35,3362.5,0.392613492,,24648.9,24698.85,0.20264596
19-08-2024,,3348.2,3349.35,0.034346813,,24636.35,24572.65,-0.258561029
16-08-2024,,3348.75,3348.2,-0.016424039,,24334.85,24541.15,0.84775538
14-08-2024,,3363.4,3348.75,-0.435571148,,24184.4,24143.75,-0.168083558
13-08-2024,,3337.25,3363.4,0.783579294,,24342.35,24139,-0.835375385
12-08-2024,,3338.4,3337.25,-0.03444764,,24320.05,24347,0.110813917
09-08-2024,,3333.4,3338.4,0.149997,,24386.85,24367.5,-0.079346041
08-08-2024,,3323.65,3333.4,0.293352188,,24248.55,24117,-0.542506665
07-08-2024,,3220.55,3323.65,3.201316545,,24289.4,24297.5,0.03334788
06-08-2024,,3167.5,3220.55,1.674822415,,24189.85,23992.55,-0.81563135
05-08-2024,,3228.1,3167.5,-1.877265264,,24302.85,24055.6,-1.017370391
02-08-2024,,3205,3228.1,0.72074883,,24789,24717.7,-0.287627577
01-08-2024,,3171.75,3205,1.048317175,,25030.95,25010.9,-0.080100835
31-07-2024,,3111.15,3171.75,1.947832795,,24886.7,24951.15,0.258973669
30-07-2024,,3198.4,3111.15,-2.727926463,,24839.4,24857.3,0.072062932
29-07-2024,,3194.9,3198.4,0.109549595,,24943.3,24836.1,-0.429774729
26-07-2024,,3085.25,3194.9,3.554006969,,24423.35,24834.85,1.684863051
25-07-2024,,3145.9,3085.25,-1.927906164,,24230.95,24406.1,0.722835877
24-07-2024,,3138.7,3145.9,0.229394335,,24444.95,24413.5,-0.12865643
23-07-2024,,3029.8,3138.7,3.594296653,,24568.9,24479.05,-0.365706238
22-07-2024,,2946.35,3029.8,2.832317953,,24445.75,24509.25,0.259758854
19-07-2024,,3058.3,2946.35,-3.66053036,,24853.8,24530.9,-1.299197708
18-07-2024,,2975.05,3058.3,2.798272298,,24543.8,24800.85,1.047311337
16-07-2024,,2953.7,2975.05,0.722822223,,24615.9,24613,-0.011781003
15-07-2024,,2948.45,2953.7,0.178059658,,24587.6,24586.7,-0.003660382
12-07-2024,,2958.4,2948.45,-0.336330449,,24387.95,24502.15,0.46826404
11-07-2024,,2951.75,2958.4,0.225290082,,24396.55,24315.95,-0.330374582
10-07-2024,,2936.1,2951.75,0.533019993,,24459.85,24324.45,-0.553560222
09-07-2024,,2882.75,2936.1,1.850663429,,24351,24433.2,0.337563139
08-07-2024,,2891.1,2882.75,-0.288817405,,24329.45,24320.55,-0.03658118
05-07-2024,,2870.3,2891.1,0.724662927,,24213.35,24323.85,0.456359818
04-07-2024,,2837.5,2870.3,1.155947137,,24369.95,24302.15,-0.278211486
03-07-2024,,2819.65,2837.5,0.633057294,,24291.75,24286.5,-0.021612276
02-07-2024,,2781.2,2819.65,1.382496764,,24228.75,24123.85,-0.432956715
01-07-2024,,2791.3,2781.2,-0.36183857,,23992.95,24141.95,0.621015757
28-06-2024,,2771.7,2791.3,0.707147238,,24085.9,24010.6,-0.312631041
27-06-2024,,2790.55,2771.7,-0.675494078,,23881.55,24044.5,0.682325896
26-06-2024,,2830.45,2790.55,-1.40966984,,23723.1,23868.8,0.614169312
25-06-2024,,2840.45,2830.45,-0.352056892,,23577.1,23721.3,0.611610419
24-06-2024,,2831.25,2840.45,0.324944812,,23382.3,23537.85,0.665246789
21-06-2024,,2858.1,2831.25,-0.939435289,,23661.15,23501.1,-0.676425279
20-06-2024,,2885.55,2858.1,-0.951291781,,23586.15,23567,-0.081191716
19-06-2024,,2886.85,2885.55,-0.045031782,,23629.85,23516,-0.481805851
18-06-2024,,2882.1,2886.85,0.164810381,,23570.8,23557.9,-0.054728732
14-06-2024,,2874.9,2882.1,0.250443494,,23464.95,23465.6,0.002770089
13-06-2024,,2893.5,2874.9,-0.642820114,,23480.95,23398.9,-0.349432199
12-06-2024,,2851,2893.5,1.490705016,,23344.45,23322.95,-0.092098979
11-06-2024,,2863.95,2851,-0.452172699,,23283.75,23264.85,-0.081172492
10-06-2024,,2844.95,2863.95,0.66785005,,23319.15,23259.2,-0.257084842
07-06-2024,,2782,2844.95,2.262760604,,22821.85,23290.15,2.051980887
06-06-2024,,2780.4,2782,0.057545677,,22798.6,22821.4,0.100006141
05-06-2024,,2694,2780.4,3.207126949,,22128.35,22620.35,2.223392164
04-06-2024,,2677.95,2694,0.599339047,,23179.5,21884.5,-5.586833193
03-06-2024,,2696.05,2677.95,-0.671352534,,23337.9,23263.9,-0.3170808
31-05-2024,,2658.05,2696.05,1.429619458,,22568.1,22530.7,-0.165720641
30-05-2024,,2714.2,2658.05,-2.068749539,,22617.45,22488.65,-0.569471802
29-05-2024,,2666.7,2714.2,1.781227735,,22762.75,22704.7,-0.255021911
28-05-2024,,2655.25,2666.7,0.431221166,,22977.15,22888.15,-0.387341337
27-05-2024,,2612.55,2655.25,1.63441848,,23038.95,22932.45,-0.46226065
24-05-2024,,2692.9,2612.55,-2.983772142,,22930.75,22957.1,0.1149112
23-05-2024,,2663.75,2692.9,1.094321915,,22614.1,22967.65,1.563405132
22-05-2024,,2681.7,2663.75,-0.669351531,,22576.6,22597.8,0.093902536
21-05-2024,,2707,2681.7,-0.934613964,,22404.55,22529.05,0.555690697
18-05-2024,,2698.7,2707,0.30755549,,22512.85,22502,-0.048194698
17-05-2024,,2699.95,2698.7,-0.046297154,,22415.25,22466.1,0.226854485
16-05-2024,,2648.95,2699.95,1.925291153,,22319.2,22403.85,0.379269866
15-05-2024,,2630.65,2648.95,0.695645563,,22255.6,22200.55,-0.247353475
14-05-2024,,2604.6,2630.65,1.000153574,,22112.9,22217.85,0.474609843
13-05-2024,,2599.9,2604.6,0.180776184,,22027.95,22104.05,0.345470187
10-05-2024,,2524.35,2599.9,2.992849644,,21990.95,22055.2,0.292165641
09-05-2024,,2587.55,2524.35,-2.44246488,,22224.8,21957.5,-1.202710486
08-05-2024,,2619.35,2587.55,-1.214041652,,22231.2,22302.5,0.320720429
07-05-2024,,2717.2,2619.35,-3.60113352,,22489.75,22302.5,-0.832601518
06-05-2024,,2734.7,2717.2,-0.63992394,,22561.6,22442.7,-0.527001631
03-05-2024,,2670,2734.7,2.423220974,,22766.35,22475.85,-1.276006035
02-05-2024,,2642.55,2670,1.03876937,,22567.85,22648.2,0.35603746
30-04-2024,,2687.45,2642.55,-1.670728758,,22679.65,22604.85,-0.329811086
29-04-2024,,2691,2687.45,-0.131921219,,22475.55,22643.4,0.746811535
26-04-2024,,2694.3,2691,-0.122480793,,22620.4,22419.95,-0.886147018
25-04-2024,,2686.45,2694.3,0.292207188,,22316.9,22570.35,1.135686408
24-04-2024,,2637.4,2686.45,1.859786153,,22421.55,22402.4,-0.085408903
23-04-2024,,2591.9,2637.4,1.755468961,,22447.05,22368,-0.352162088
22-04-2024,,2539.4,2591.9,2.0674175,,22336.9,22336.4,-0.002238448
19-04-2024,,2546.85,2539.4,-0.292518209,,21861.5,22147,1.305948814
18-04-2024,,2537.6,2546.85,0.364517654,,22212.35,21995.85,-0.974683003
16-04-2024,,2519.85,2537.6,0.704407008,,22125.3,22147.9,0.102145508
15-04-2024,,2577.7,2519.85,-2.244248749,,22339.05,22272.5,-0.297908819
12-04-2024,,2578.95,2577.7,-0.048469338,,22677.4,22519.4,-0.696728902
10-04-2024,,2578.1,2578.95,0.032970017,,22720.25,22753.8,0.147665629
09-04-2024,,2597.3,2578.1,-0.7392292,,22765.1,22642.75,-0.537445476
08-04-2024,,2577.1,2597.3,0.783826782,,22578.35,22666.3,0.38953245
05-04-2024,,2537.55,2577.1,1.558589979,,22486.4,22513.7,0.121406717
04-04-2024,,2588.65,2537.55,-1.974001893,,22592.1,22514.65,-0.34281895
03-04-2024,,2668.55,2588.65,-2.994135392,,22385.7,22434.65,0.218666381
02-04-2024,,2675.35,2668.55,-0.254172351,,22458.8,22453.3,-0.024489287
01-04-2024,,2600.6,2675.35,2.874336692,,22455,22462,0.031173458
28-03-2024,,2572.4,2600.6,1.096252527,,22163.6,22326.9,0.736793662
27-03-2024,,2570.5,2572.4,0.073915581,,22053.95,22123.65,0.316043158
26-03-2024,,2559.8,2570.5,0.418001406,,21947.9,22004.7,0.258794691
22-03-2024,,2554.4,2559.8,0.211399937,,21932.2,22096.75,0.750266731
21-03-2024,,2518.95,2554.4,1.40733242,,21989.9,22011.95,0.100273307
20-03-2024,,2501.5,2518.95,0.697581451,,21843.9,21839.1,-0.021974098
19-03-2024,,2569.65,2501.5,-2.652112155,,21946.45,21817.45,-0.587794381
18-03-2024,,2594.45,2569.65,-0.955886604,,21990.1,22055.7,0.29831606
15-03-2024,,2690.4,2594.45,-3.566384181,,22064.85,22023.35,-0.188081949
14-03-2024,,2663.95,2690.4,0.992886503,,21982.55,22146.65,0.746501202
13-03-2024,,2673.95,2663.95,-0.373978571,,22432.2,21997.7,-1.93694778
12-03-2024,,2697.8,2673.95,-0.884053673,,22334.45,22335.7,0.005596735
11-03-2024,,2664.8,2697.8,1.238366857,,22517.5,22332.65,-0.820917065
07-03-2024,,2691.2,2664.8,-0.98097503,,22505.3,22493.55,-0.052209924
06-03-2024,,2661.95,2691.2,1.098818535,,22327.5,22474.05,0.656365469
05-03-2024,,2690.85,2661.95,-1.074010071,,22371.25,22356.3,-0.066826842
04-03-2024,,2691.5,2690.85,-0.024150102,,22403.5,22405.6,0.009373535
02-03-2024,,2668.65,2691.5,0.856238173,,22406.95,22378.4,-0.127415824
01-03-2024,,2666.1,2668.65,0.095645325,,22048.3,22338.75,1.317335123
29-02-2024,,2613.1,2666.1,2.028242318,,21935.2,21982.8,0.217002808
28-02-2024,,2625.95,2613.1,-0.489346713,,22214.1,21951.15,-1.183707645
27-02-2024,,2624.1,2625.95,0.070500362,,22090.2,22198.35,0.489583616
26-02-2024,,2626.95,2624.1,-0.108490835,,22169.2,22122.05,-0.21268246
23-02-2024,,2608,2626.95,0.726610429,,22290,22212.7,-0.346792284
22-02-2024,,2603,2608,0.192086055,,22081.55,22217.45,0.615445927
21-02-2024,,2644.65,2603,-1.574877583,,22248.85,22055.05,-0.871056257
20-02-2024,,2615,2644.65,1.133843212,,22099.2,22196.95,0.442323704
19-02-2024,,2639.45,2615,-0.926329349,,22103.45,22122.25,0.085054596
16-02-2024,,2577.85,2639.45,2.389588223,,22020.3,22040.7,0.09264179
15-02-2024,,2604.25,2577.85,-1.013727561,,21906.55,21910.75,0.019172348
14-02-2024,,2621.75,2604.25,-0.667493087,,21578.15,21840.05,1.213727776
13-02-2024,,2619.65,2621.75,0.080163381,,21664.3,21743.25,0.364424422
12-02-2024,,2657.35,2619.65,-1.418706606,,21800.8,21616.05,-0.847445965
09-02-2024,,2645.9,2657.35,0.432745002,,21727,21782.5,0.255442537
08-02-2024,,2649.35,2645.9,-0.13022062,,22009.65,21717.95,-1.325327754
07-02-2024,,2610.75,2649.35,1.478502346,,22045.05,21930.5,-0.519617783
06-02-2024,,2643.7,2610.75,-1.246359269,,21825.2,21929.4,0.47742976
05-02-2024,,2525.65,2643.7,4.674044305,,21921.05,21771.7,-0.681308605
02-02-2024,,2512.5,2525.65,0.523383085,,21812.75,21853.8,0.188192685
01-02-2024,,2531.1,2512.5,-0.734858362,,21780.65,21697.45,-0.381990436
31-01-2024,,2473.15,2531.1,2.343165599,,21487.25,21725.7,1.109727862
30-01-2024,,2437.9,2473.15,1.445916568,,21775.75,21522.1,-1.164827847
29-01-2024,,2473.4,2437.9,-1.435271286,,21433.1,21737.6,1.420699759
25-01-2024,,2507.05,2473.4,-1.342214954,,21454.6,21352.6,-0.47542252
24-01-2024,,2493.35,2507.05,0.549461568,,21185.25,21453.95,1.26833528
23-01-2024,,2531.85,2493.35,-1.520627209,,21716.7,21238.8,-2.20061059
20-01-2024,,2463.85,2531.85,2.759908274,,21706.15,21571.8,-0.618949008
19-01-2024,,2462.55,2463.85,0.052790806,,21615.2,21622.4,0.033309893
18-01-2024,,2472.2,2462.55,-0.390340587,,21414.2,21462.25,0.22438382
17-01-2024,,2449.7,2472.2,0.918479814,,21647.25,21571.95,-0.347850189
16-01-2024,,2475.15,2449.7,-1.028220512,,22080.5,22032.3,-0.218292158
15-01-2024,,2468.75,2475.15,0.259240506,,22053.15,22097.45,0.200878333
12-01-2024,,2468.95,2468.75,-0.00810061,,21773.55,21894.55,0.555720128
11-01-2024,,2352.9,2468.95,4.932211314,,21688,21647.2,-0.188122464
10-01-2024,,2337.9,2352.9,0.641601437,,21529.3,21618.7,0.415248057
09-01-2024,,2324.6,2337.9,0.572141444,,21653.6,21544.85,-0.502225958
08-01-2024,,2350.1,2324.6,-1.08506021,,21747.6,21513,-1.078739723
05-01-2024,,2371.7,2350.1,-0.910739132,,21705.75,21710.8,0.023265725
04-01-2024,,2351.4,2371.7,0.863315472,,21605.8,21658.6,0.244378824
03-01-2024,,2322.2,2351.4,1.257428301,,21661.1,21517.35,-0.663632041
02-01-2024,,2296.3,2322.2,1.127901407,,21751.35,21665.8,-0.393308921
01-01-2024,,2305.55,2296.3,-0.401205786,,21727.75,21741.9,0.065124092
29-12-2023,,2255.6,2305.55,2.214488384,,21737.65,21731.4,-0.028751958
28-12-2023,,2263.75,2255.6,-0.360022087,,21715,21778.7,0.293345614
27-12-2023,,2282.3,2263.75,-0.812776585,,21497.65,21654.75,0.73077755
26-12-2023,,2222.5,2282.3,2.690663667,,21365.2,21441.35,0.356420722
22-12-2023,,2195.2,2222.5,1.243622449,,21295.85,21349.4,0.251457444
21-12-2023,,2147.05,2195.2,2.242611956,,21033.95,21255.05,1.051157771
20-12-2023,,2170.55,2147.05,-1.082674898,,21543.5,21150.15,-1.825840741
19-12-2023,,2144.2,2170.55,1.228896558,,21477.65,21453.1,-0.11430487
18-12-2023,,2093.35,2144.2,2.429120787,,21434.8,21418.65,-0.075344766
15-12-2023,,2103.4,2093.35,-0.477797851,,21287.45,21456.65,0.794834515
14-12-2023,,2079.1,2103.4,1.168774951,,21110.4,21182.7,0.342485221
13-12-2023,,2048,2079.1,1.518554687,,20929.75,20926.35,-0.016244819
12-12-2023,,2078.35,2048,-1.460293021,,21018.55,20906.4,-0.533576293
11-12-2023,,2053.45,2078.35,1.21259344,,20965.3,20997.1,0.151679203
08-12-2023,,2100.55,2053.45,-2.242269882,,20934.1,20969.4,0.168624398
07-12-2023,,2079.95,2100.55,0.990408423,,20932.4,20901.15,-0.149290096
06-12-2023,,2100,2079.95,-0.954761905,,20950.75,20937.7,-0.06228894
05-12-2023,,2133.6,2100,-1.57480315,,20808.9,20855.1,0.222020386
04-12-2023,,2151.25,2133.6,-0.820453225,,20601.95,20686.8,0.411854218
01-12-2023,,2126.55,2151.25,1.161505725,,20194.1,20267.9,0.365453276
30-11-2023,,2091.85,2126.55,1.658818749,,20108.5,20133.15,0.122584977
29-11-2023,,2079,2091.85,0.618085618,,19976.55,20096.6,0.600954619
28-11-2023,,2090.8,2079,-0.564377272,,19844.65,19889.7,0.227013326
24-11-2023,,2106.55,2090.8,-0.747667988,,19809.6,19794.7,-0.075216057
23-11-2023,,2111.55,2106.55,-0.236792877,,19828.45,19802,-0.133394189
22-11-2023,,2119.65,2111.55,-0.382138561,,19784,19811.85,0.140770319
21-11-2023,,2110.75,2119.65,0.421651072,,19770.9,19783.4,0.063224234
20-11-2023,,2082.35,2110.75,1.363843734,,19731.15,19694,-0.188280967
17-11-2023,,2039.55,2082.35,2.098502121,,19674.75,19731.8,0.289965565
16-11-2023,,2054.6,2039.55,-0.732502677,,19674.7,19765.2,0.459981601
15-11-2023,,2066,2054.6,-0.5517909,,19651.4,19675.45,0.122383138
13-11-2023,,2063.9,2066,0.101749116,,19486.75,19443.55,-0.221689096
12-11-2023,,2058.2,2063.9,0.276941016,,19547.25,19525.55,-0.111013058
10-11-2023,,2051.2,2058.2,0.341263651,,19351.85,19425.35,0.379808649
09-11-2023,,2028.1,2051.2,1.138997091,,19457.4,19395.3,-0.319158778
08-11-2023,,1998.4,2028.1,1.486188951,,19449.6,19443.5,-0.031363113
07-11-2023,,1966.5,1998.4,1.62217137,,19404.05,19406.7,0.013656943
06-11-2023,,1960.4,1966.5,0.311160988,,19345.85,19411.75,0.340641533
03-11-2023,,1927.4,1960.4,1.712151084,,19241,19230.6,-0.054051245
02-11-2023,,1920.05,1927.4,0.382802531,,19120,19133.25,0.069299163
01-11-2023,,1924.25,1920.05,-0.218266857,,19064.05,18989.15,-0.392886087
31-10-2023,,1930.35,1924.25,-0.31600487,,19232.95,19079.6,-0.797329583
30-10-2023,,1920.65,1930.35,0.505037357,,19053.4,19140.9,0.459235622
27-10-2023,,1889.65,1920.65,1.640515439,,18928.75,19047.25,0.62603183
26-10-2023,,1922.25,1889.65,-1.69592925,,19027.25,18857.25,-0.893455439
25-10-2023,,1877.3,1922.25,2.394396207,,19286.45,19122.15,-0.851893428
23-10-2023,,1891.6,1877.3,-0.755973779,,19521.6,19281.75,-1.228639046
20-10-2023,,1919.2,1891.6,-1.438099208,,19542.15,19542.65,0.002558572
19-10-2023,,1917,1919.2,0.11476265,,19545.2,19624.7,0.406749483
18-10-2023,,1921.55,1917,-0.23678801,,19820.45,19671.1,-0.753514678
17-10-2023,,1912.35,1921.55,0.481083484,,19843.2,19811.5,-0.159752459
16-10-2023,,1895.6,1912.35,0.883625237,,19737.25,19731.75,-0.027866091
13-10-2023,,1881.5,1895.6,0.749402073,,19654.55,19751.05,0.49098046
12-10-2023,,1885.5,1881.5,-0.21214532,,19822.7,19794,-0.144783506
11-10-2023,,1868.25,1885.5,0.923323966,,19767,19811.35,0.224363839
10-10-2023,,1890.65,1868.25,-1.184777722,,19565.6,19689.85,0.635043137
09-10-2023,,1894.05,1890.65,-0.179509517,,19539.45,19512.35,-0.138693771
06-10-2023,,1850.6,1894.05,2.347887172,,19621.2,19653.5,0.164617862
05-10-2023,,1864.15,1850.6,-0.726872837,,19521.85,19545.75,0.122426922
04-10-2023,,1880.25,1864.15,-0.856269113,,19446.3,19436.1,-0.052452137
03-10-2023,,1929.1,1880.25,-2.532268934,,19622.4,19528.75,-0.477260682
29-09-2023,,1863.6,1929.1,3.514702726,,19581.2,19638.3,0.291606235
28-09-2023,,1847.8,1863.6,0.855070895,,19761.8,19523.55,-1.205608801
27-09-2023,,1832.6,1847.8,0.829422678,,19637.05,19716.45,0.404337719
26-09-2023,,1847.15,1832.6,-0.78769997,,19682.8,19664.7,-0.091958461
25-09-2023,,1850.4,1847.15,-0.1756377,,19678.2,19674.55,-0.018548444
22-09-2023,,1874.4,1850.4,-1.280409731,,19744.85,19674.25,-0.357561592
21-09-2023,,1884.15,1874.4,-0.517474723,,19840.55,19742.35,-0.494945957
20-09-2023,,1884.45,1884.15,-0.015919764,,19980.75,19901.4,-0.39713224
18-09-2023,,1872,1884.45,0.665064103,,20155.95,20133.3,-0.112373766
15-09-2023,,1839.7,1872,1.755721041,,20156.45,20192.35,0.17810676
14-09-2023,,1868.55,1839.7,-1.543977951,,20127.95,20103.1,-0.123460164
13-09-2023,,1857.5,1868.55,0.594885599,,19989.5,20070,0.402711423
12-09-2023,,1867.25,1857.5,-0.522158254,,20110.15,19993.2,-0.581547129
11-09-2023,,1872.75,1867.25,-0.293685756,,19890,19996.35,0.534690799
08-09-2023,,1891.5,1872.75,-0.991276764,,19774.8,19819.95,0.228320893
07-09-2023,,1922.05,1891.5,-1.589448766,,19598.65,19727.05,0.655147166
06-09-2023,,1873.5,1922.05,2.591406459,,19581.2,19611.05,0.152442138
05-09-2023,,1827,1873.5,2.545155993,,19564.65,19574.9,0.052390408
04-09-2023,,1785.8,1827,2.30708926,,19525.05,19528.8,0.019206097
01-09-2023,,1842.5,1785.8,-3.07734057,,19258.15,19435.3,0.919870289
31-08-2023,,1954.7,1842.5,-5.740011255,,19375.55,19253.8,-0.628369259
30-08-2023,,1958.8,1954.7,-0.209311824,,19433.45,19347.45,-0.442535937
29-08-2023,,1958.15,1958.8,0.033194597,,19374.85,19342.65,-0.166194835
28-08-2023,,1937.8,1958.15,1.050159975,,19298.35,19306.05,0.039899784
25-08-2023,,1961.95,1937.8,-1.230918219,,19297.4,19265.8,-0.16375263
24-08-2023,,1938.5,1961.95,1.20969822,,19535.15,19386.7,-0.759912261
23-08-2023,,1976.6,1938.5,-1.927552363,,19439.2,19444,0.024692374
22-08-2023,,1975.75,1976.6,0.043021637,,19417.1,19396.45,-0.106349558
21-08-2023,,1980.6,1975.75,-0.24487529,,19320.65,19393.6,0.377575289
18-08-2023,,1983.25,1980.6,-0.13361906,,19301.75,19310.15,0.04351937
17-08-2023,,1986.3,1983.25,-0.15355183,,19450.55,19365.25,-0.43854801
16-08-2023,,1971.9,1986.3,0.730260155,,19369,19465,0.495637359
14-08-2023,,1995.25,1971.9,-1.170279414,,19383.95,19434.55,0.261040706
11-08-2023,,2030.45,1995.25,-1.733605851,,19554.25,19428.3,-0.644105501
10-08-2023,,2073.85,2030.45,-2.092726089,,19605.55,19543.1,-0.318532252
09-08-2023,,2040.35,2073.85,1.641875168,,19578.8,19632.55,0.274531636
08-08-2023,,2051.4,2040.35,-0.538656527,,19627.2,19570.85,-0.287101573
07-08-2023,,2062.15,2051.4,-0.521300584,,19576.85,19597.3,0.104460115
04-08-2023,,1995.8,2062.15,3.324481411,,19462.8,19517,0.278479972
03-08-2023,,1965.8,1995.8,1.526096246,,19463.75,19381.65,-0.421809775
02-08-2023,,1983.5,1965.8,-0.892361986,,19655.4,19526.55,-0.655545041
01-08-2023,,2002.85,1983.5,-0.966123274,,19784,19733.55,-0.255004044
31-07-2023,,1990.3,2002.85,0.630558207,,19666.35,19753.8,0.444668177
28-07-2023,,1992,1990.3,-0.085341365,,19659.75,19646.05,-0.069685525
27-07-2023,,1970.8,1992,1.075705297,,19850.9,19659.9,-0.962173
26-07-2023,,1972.5,1970.8,-0.086185044,,19733.35,19778.3,0.22778697
25-07-2023,,1941,1972.5,1.622874807,,19729.35,19680.6,-0.247093797
24-07-2023,,1938.75,1941,0.116054159,,19748.45,19672.35,-0.385346698
21-07-2023,,1930.35,1938.75,0.435154247,,19800.45,19745,-0.28004414
20-07-2023,,1924.55,1930.35,0.301369151,,19831.7,19979.15,0.743506608
19-07-2023,,1928.5,1924.55,-0.204822401,,19802.95,19833.15,0.152502531
18-07-2023,,1942.8,1928.5,-0.73605106,,19787.5,19749.25,-0.193303853
17-07-2023,,1945.2,1942.8,-0.123380629,,19612.15,19711.45,0.506318787
14-07-2023,,1930.35,1945.2,0.769290543,,19493.45,19564.5,0.364481403
13-07-2023,,1930,1930.35,0.018134715,,19495.2,19413.75,-0.41779515
12-07-2023,,1941.6,1930,-0.597445406,,19497.45,19384.3,-0.5803323
11-07-2023,,1911.95,1941.6,1.550772771,,19427.1,19439.4,0.063313619
10-07-2023,,1902.25,1911.95,0.50992246,,19400.35,19355.9,-0.229119578
07-07-2023,,1899.4,1902.25,0.150047383,,19422.8,19331.8,-0.468521531
06-07-2023,,1886,1899.4,0.710498409,,19385.7,19497.3,0.575682075
05-07-2023,,1877.75,1886,0.439355612,,19405.95,19398.5,-0.038390288
04-07-2023,,1890.9,1877.75,-0.695436036,,19406.6,19389,-0.090690796
03-07-2023,,1904.95,1890.9,-0.737552167,,19246.5,19322.55,0.395136778
30-06-2023,,1953.65,1904.95,-2.492769943,,19076.85,19189.05,0.588147414
28-06-2023,,1879.05,1953.65,3.97009127,,18908.15,18972.1,0.338213945
27-06-2023,,1867.75,1879.05,0.605006023,,18748.55,18817.4,0.367228399
26-06-2023,,1863.05,1867.75,0.252274496,,18682.35,18691.2,0.047370914
23-06-2023,,1862.65,1863.05,0.021474781,,18741.85,18665.5,-0.407377073
22-06-2023,,1862.2,1862.65,0.024164966,,18853.6,18771.25,-0.436786608
21-06-2023,,1860.05,1862.2,0.115588291,,18849.4,18856.85,0.039523804
20-06-2023,,1857.75,1860.05,0.123805679,,18752.35,18816.7,0.343156991
19-06-2023,,1858.2,1857.75,-0.024216984,,18873.3,18755.45,-0.624427101
16-06-2023,,1839.2,1858.2,1.033057851,,18723.3,18826,0.548514418
15-06-2023,,1831.5,1839.2,0.42042042,,18774.45,18688.1,-0.45993358
14-06-2023,,1816.15,1831.5,0.845194505,,18744.6,18755.9,0.060284028
13-06-2023,,1806.35,1816.15,0.542530517,,18631.8,18716.15,0.452720617
12-06-2023,,1805.95,1806.35,0.022149007,,18595.05,18601.5,0.03468665
09-06-2023,,1797.8,1805.95,0.45333185,,18655.9,18563.4,-0.495821697
08-06-2023,,1802.05,1797.8,-0.235842513,,18725.35,18634.55,-0.484904154
07-06-2023,,1788.1,1802.05,0.780157709,,18665.6,18726.4,0.325732899
06-06-2023,,1775.25,1788.1,0.723841712,,18600.8,18599,-0.009677003
05-06-2023,,1777.45,1775.25,-0.123772821,,18612,18593.85,-0.09751773
02-06-2023,,1774.8,1777.45,0.149312599,,18550.85,18534.1,-0.090292359
01-06-2023,,1835.8,1774.8,-3.322802048,,18579.4,18487.75,-0.493288265
31-05-2023,,1713.55,1835.8,7.134311809,,18594.2,18534.4,-0.321605662
30-05-2023,,1705.95,1713.55,0.445499575,,18606.65,18633.85,0.146184294
29-05-2023,,1700.25,1705.95,0.335244817,,18619.15,18598.65,-0.110101696
26-05-2023,,1701.35,1700.25,-0.064654539,,18368.35,18499.35,0.713183274
25-05-2023,,1690.05,1701.35,0.668619272,,18268.9,18321.15,0.286005178
24-05-2023,,1691.1,1690.05,-0.062089764,,18294.8,18285.4,-0.05138072
23-05-2023,,1669.85,1691.1,1.272569392,,18362.9,18348,-0.081141868
22-05-2023,,1661.9,1669.85,0.478368133,,18201.1,18314.4,0.62248985
19-05-2023,,1650.05,1661.9,0.718160056,,18186.15,18203.4,0.094852401
18-05-2023,,1656.1,1650.05,-0.365316104,,18287.5,18129.95,-0.86151743
17-05-2023,,1622.85,1656.1,2.048864652,,18300.45,18181.75,-0.64861793
16-05-2023,,1666.05,1622.85,-2.592959395,,18432.35,18286.5,-0.791271867
15-05-2023,,1650.3,1666.05,0.954371932,,18339.3,18398.85,0.324712503
12-05-2023,,1655.5,1650.3,-0.3141045,,18273.75,18314.8,0.224639168
11-05-2023,,1663.85,1655.5,-0.501848123,,18357.8,18297,-0.33119437
10-05-2023,,1650.75,1663.85,0.793578676,,18313.6,18315.1,0.008190634
09-05-2023,,1667.45,1650.75,-1.001529281,,18303.4,18265.95,-0.204606794
08-05-2023,,1649.75,1667.45,1.072889832,,18120.6,18264.4,0.793571957
05-05-2023,,1659.55,1649.75,-0.590521527,,18117.3,18069,-0.266596016
04-05-2023,,1655.15,1659.55,0.265836933,,18081,18255.8,0.966760688
03-05-2023,,1655.85,1655.15,-0.042274361,,18113.8,18089.85,-0.132219634
02-05-2023,,1652.3,1655.85,0.214852024,,18124.8,18147.65,0.126070357
28-04-2023,,1629.25,1652.3,1.414761393,,17950.4,18065,0.638425885
27-04-2023,,1622.15,1629.25,0.437690719,,17813.1,17915.05,0.572331599
26-04-2023,,1642.3,1622.15,-1.226937831,,17767.3,17813.6,0.260591086
25-04-2023,,1621.45,1642.3,1.28588609,,17761.55,17769.25,0.043352072
24-04-2023,,1613.3,1621.45,0.505175727,,17707.55,17743.4,0.202456015
21-04-2023,,1589.55,1613.3,1.49413356,,17639.75,17624.05,-0.089003529
20-04-2023,,1593.35,1589.55,-0.238491229,,17638.6,17624.45,-0.080221786
19-04-2023,,1594.7,1593.35,-0.084655421,,17653.35,17618.75,-0.195996794
18-04-2023,,1585.85,1594.7,0.558060346,,17766.6,17660.15,-0.599157971
17-04-2023,,1577.55,1585.85,0.526132294,,17863,17706.85,-0.874153278
13-04-2023,,1587.65,1577.55,-0.636160363,,17807.3,17828,0.116244462
12-04-2023,,1557.6,1587.65,1.929250128,,17759.55,17812.4,0.297586369
11-04-2023,,1576.2,1557.6,-1.180053293,,17704.8,17722.3,0.098843252
10-04-2023,,1574.75,1576.2,0.092078108,,17634.9,17624.05,-0.061525725
06-04-2023,,1578.1,1574.75,-0.212280591,,17533.85,17599.15,0.372422486
05-04-2023,,1545.3,1578.1,2.122565198,,17422.3,17557.05,0.773434047
03-04-2023,,1537.15,1545.3,0.530201997,,17427.95,17398.05,-0.171563494
31-03-2023,,1539.5,1537.15,-0.152646963,,17210.35,17359.75,0.868082288
29-03-2023,,1543.9,1539.5,-0.284992551,,16977.3,17080.7,0.609048553
28-03-2023,,1535.85,1543.9,0.524139727,,17031.75,16951.7,-0.47000455
27-03-2023,,1517.9,1535.85,1.182554846,,16984.3,16985.7,0.008242907
24-03-2023,,1531.2,1517.9,-0.868599791,,17076.2,16945.05,-0.768028016
23-03-2023,,1518.6,1531.2,0.829711576,,17097.4,17076.9,-0.119901272
22-03-2023,,1515,1518.6,0.237623762,,17177.45,17151.9,-0.148741519
21-03-2023,,1521.7,1515,-0.440297036,,17060.4,17107.5,0.276077935
20-03-2023,,1534,1521.7,-0.801825293,,17066.6,16988.4,-0.458204915
17-03-2023,,1551.65,1534,-1.137498792,,17111.8,17100.05,-0.068666067
16-03-2023,,1540.05,1551.65,0.753222298,,16994.65,16985.6,-0.053252053
15-03-2023,,1520.6,1540.05,1.279100355,,17166.45,16972.15,-1.131858946
14-03-2023,,1508.7,1520.6,0.788758534,,17160.55,17043.3,-0.683253159
13-03-2023,,1511.5,1508.7,-0.185246444,,17421.9,17154.3,-1.535997796
10-03-2023,,1498.45,1511.5,0.87089993,,17443.8,17412.9,-0.177140302
09-03-2023,,1513.65,1498.45,-1.004195157,,17772.05,17589.6,-1.026612012
08-03-2023,,1502.45,1513.65,0.7454491,,17665.75,17754.4,0.501818491
06-03-2023,,1493.25,1502.45,0.616105809,,17680.35,17711.45,0.175901495
03-03-2023,,1500.2,1493.25,-0.463271564,,17451.25,17594.35,0.819998567
02-03-2023,,1475.35,1500.2,1.684346087,,17421.5,17321.9,-0.571707373
01-03-2023,,1459.85,1475.35,1.06175292,,17360.1,17450.9,0.523038462
28-02-2023,,1477.35,1459.85,-1.184553423,,17383.25,17303.95,-0.456186271
27-02-2023,,1480.45,1477.35,-0.209395792,,17428.6,17392.7,-0.205983269
24-02-2023,,1481.45,1480.45,-0.067501434,,17591.35,17465.8,-0.713703042
23-02-2023,,1480.95,1481.45,0.033762112,,17574.65,17511.25,-0.360746871
22-02-2023,,1484.95,1480.95,-0.269369339,,17755.35,17554.3,-1.132334761
21-02-2023,,1481.85,1484.95,0.209197962,,17905.8,17826.7,-0.441756302
20-02-2023,,1489.75,1481.85,-0.530290317,,17965.55,17844.6,-0.673232937
17-02-2023,,1510.05,1489.75,-1.344326347,,17974.85,17944.2,-0.170516027
16-02-2023,,1512.3,1510.05,-0.148780004,,18094.75,18035.85,-0.32550878
15-02-2023,,1512.95,1512.3,-0.042962424,,17896.6,18015.85,0.666327682
14-02-2023,,1514.85,1512.95,-0.12542496,,17840.35,17929.85,0.501671772
13-02-2023,,1520.85,1514.85,-0.394516224,,17859.1,17770.9,-0.493865872
10-02-2023,,1540.2,1520.85,-1.256330347,,17847.55,17856.5,0.050146939
09-02-2023,,1556.65,1540.2,-1.056756496,,17885.5,17893.45,0.044449414
08-02-2023,,1536.1,1556.65,1.337803528,,17750.3,17871.7,0.683932103
07-02-2023,,1543.6,1536.1,-0.48587717,,17790.1,17721.5,-0.385607726
06-02-2023,,1531.9,1543.6,0.763757425,,17818.55,17764.6,-0.302774356
03-02-2023,,1541.05,1531.9,-0.593751014,,17721.75,17854.05,0.746540268
02-02-2023,,1535.8,1541.05,0.341841386,,17517.1,17610.4,0.532622409
01-02-2023,,1521.75,1535.8,0.923279119,,17811.6,17616.3,-1.096476454
31-01-2023,,1547.9,1521.75,-1.689385619,,17731.45,17662.15,-0.390830981
30-01-2023,,1537.4,1547.9,0.68297125,,17541.95,17648.95,0.609966395
27-01-2023,,1556.75,1537.4,-1.242974145,,17877.2,17604.35,-1.526245721
25-01-2023,,1584.65,1556.75,-1.760641151,,18093.35,17891.95,-1.113116145
24-01-2023,,1597.6,1584.65,-0.810590886,,18183.95,18118.3,-0.361032669
23-01-2023,,1582.05,1597.6,0.982901931,,18118.45,18118.55,0.000551924
20-01-2023,,1600.1,1582.05,-1.128054497,,18115.6,18027.65,-0.485493166
19-01-2023,,1617.6,1600.1,-1.081849654,,18119.8,18107.85,-0.065949955
18-01-2023,,1585.55,1617.6,2.021380593,,18074.3,18165.35,0.503753949
17-01-2023,,1570.25,1585.55,0.974367139,,17922.8,18053.3,0.728122838
16-01-2023,,1550.8,1570.25,1.254191385,,18033.15,17894.85,-0.766920921
13-01-2023,,1546.5,1550.8,0.278047203,,17867.5,17956.6,0.498670771
12-01-2023,,1551.95,1546.5,-0.351171107,,17920.85,17858.2,-0.349592793
11-01-2023,,1565.35,1551.95,-0.856038586,,17924.25,17895.7,-0.15928142
10-01-2023,,1561.5,1565.35,0.246557797,,18121.3,17914.15,-1.143129908
09-01-2023,,1546.5,1561.5,0.969932105,,17952.55,18101.2,0.828016076
06-01-2023,,1561.25,1546.5,-0.944755805,,18008.05,17859.45,-0.825186514
05-01-2023,,1548,1561.25,0.855943152,,18101.95,17992.15,-0.606564486
04-01-2023,,1544.75,1548,0.210390031,,18230.65,18042.95,-1.029584793
03-01-2023,,1548.8,1544.75,-0.261492769,,18163.2,18232.55,0.38181598
02-01-2023,,1550.6,1548.8,-0.116084096,,18131.7,18197.45,0.362624575
30-12-2022,,1561.45,1550.6,-0.694866951,,18259.1,18105.3,-0.84231972
29-12-2022,,1575.3,1561.45,-0.879197613,,18045.7,18191,0.805177965
28-12-2022,,1581.65,1575.3,-0.401479468,,18084.75,18122.5,0.208739408
27-12-2022,,1569.65,1581.65,0.76450164,,18089.8,18132.3,0.234939026
26-12-2022,,1562.5,1569.65,0.4576,,17830.4,18014.6,1.033067121
23-12-2022,,1585.95,1562.5,-1.478609036,,17977.65,17806.8,-0.95034668
22-12-2022,,1583,1585.95,0.186355022,,18288.8,18127.35,-0.882780718
21-12-2022,,1575.2,1583,0.495175216,,18435.15,18199.1,-1.280434388
20-12-2022,,1597.85,1575.2,-1.417529806,,18340.3,18385.3,0.245361308
19-12-2022,,1599.3,1597.85,-0.090664666,,18288.1,18420.45,0.723694643
16-12-2022,,1609,1599.3,-0.602858919,,18319.1,18269,-0.273485051
15-12-2022,,1622.1,1609,-0.807595093,,18614.4,18414.9,-1.071750903
14-12-2022,,1628.9,1622.1,-0.417459635,,18671.25,18660.3,-0.058646315
13-12-2022,,1614.3,1628.9,0.904416775,,18524.4,18608,0.451296668
12-12-2022,,1617.6,1614.3,-0.204005935,,18402.15,18497.15,0.516244026
09-12-2022,,1624.1,1617.6,-0.400221661,,18662.4,18496.6,-0.888417353
08-12-2022,,1629,1624.1,-0.300798036,,18570.85,18609.35,0.207314151
07-12-2022,,1615.15,1629,0.857505495,,18638.85,18560.5,-0.420358552
06-12-2022,,1619.9,1615.15,-0.293227977,,18600.65,18642.75,0.226336176
05-12-2022,,1621.1,1619.9,-0.074023811,,18719.55,18701.05,-0.098827162
02-12-2022,,1641.7,1621.1,-1.254796857,,18752.4,18696.1,-0.300228237
01-12-2022,,1659.9,1641.7,-1.096451593,,18871.95,18812.5,-0.315017791
30-11-2022,,1635,1659.9,1.52293578,,18625.7,18758.35,0.712187998
29-11-2022,,1636.2,1635,-0.073340667,,18552.45,18618.05,0.353592113
28-11-2022,,1629.55,1636.2,0.408088122,,18430.55,18562.75,0.71728733
25-11-2022,,1614.15,1629.55,0.95406251,,18528.45,18512.75,-0.084734557
24-11-2022,,1620.85,1614.15,-0.413363359,,18326.1,18484.1,0.862158342
23-11-2022,,1635.15,1620.85,-0.874537504,,18325.2,18267.25,-0.316231201
22-11-2022,,1625.2,1635.15,0.612232341,,18179.15,18244.2,0.357827511
21-11-2022,,1621.75,1625.2,0.212733159,,18246.4,18159.95,-0.47379209
18-11-2022,,1628,1621.75,-0.383906634,,18382.95,18307.65,-0.409618696
17-11-2022,,1619,1628,0.555898703,,18358.7,18343.9,-0.08061573
16-11-2022,,1654.95,1619,-2.172271066,,18398.25,18409.65,0.061962415
15-11-2022,,1648.6,1654.95,0.3851753,,18362.75,18403.4,0.221372071
14-11-2022,,1669.05,1648.6,-1.225247896,,18376.4,18329.15,-0.257123267
11-11-2022,,1664.65,1669.05,0.264319827,,18272.35,18349.7,0.423317198
10-11-2022,,1651.7,1664.65,0.784040685,,18044.35,18028.2,-0.0895017
09-11-2022,,1681.35,1651.7,-1.763463883,,18288.25,18157,-0.717673916
07-11-2022,,1666.9,1681.35,0.866878637,,18211.75,18202.8,-0.049144097
04-11-2022,,1689.55,1666.9,-1.340593649,,18053.4,18117.15,0.35311908
03-11-2022,,1694.3,1689.55,-0.280351768,,17968.35,18052.7,0.469436537
02-11-2022,,1686.15,1694.3,0.483349643,,18177.9,18082.85,-0.522887682
01-11-2022,,1650,1686.15,2.190909091,,18130.7,18145.4,0.081077951
31-10-2022,,1601.2,1650,3.047714214,,17910.2,18012.2,0.569507878
28-10-2022,,1599.65,1601.2,0.096896196,,17756.4,17786.8,0.171205875
27-10-2022,,1577.9,1599.65,1.378414348,,17771.4,17736.95,-0.193850794
25-10-2022,,1567.3,1577.9,0.676322338,,17808.3,17656.35,-0.85325382
24-10-2022,,1573.6,1567.3,-0.400355872,,17736.35,17730.75,-0.031573576
21-10-2022,,1594.05,1573.6,-1.282895769,,17622.85,17576.3,-0.264145697
20-10-2022,,1577.65,1594.05,1.039520806,,17423.1,17563.95,0.808409525
19-10-2022,,1563.1,1577.65,0.930842556,,17568.15,17512.25,-0.318189451
18-10-2022,,1580.5,1563.1,-1.100917431,,17438.75,17486.95,0.276395957
17-10-2022,,1595.05,1580.5,-0.91219711,,17144.8,17311.8,0.974056274
14-10-2022,,1589.2,1595.05,0.368109741,,17322.3,17185.7,-0.788578884
13-10-2022,,1588.8,1589.2,0.025176234,,17087.35,17014.35,-0.427216625
12-10-2022,,1588.1,1588.8,0.044077829,,17025.55,17123.6,0.575899163
11-10-2022,,1593.65,1588.1,-0.348257146,,17256.05,16983.55,-1.579156296
10-10-2022,,1572.4,1593.65,1.351437293,,17094.35,17241,0.857885793
07-10-2022,,1604.8,1572.4,-2.01894317,,17287.2,17314.65,0.158788005
06-10-2022,,1591.7,1604.8,0.823019413,,17379.25,17331.8,-0.273026742
04-10-2022,,1578.85,1591.7,0.813883523,,17147.45,17274.3,0.739760139
03-10-2022,,1559.85,1578.85,1.21806584,,17102.1,16887.35,-1.255693745
30-09-2022,,1545.8,1559.85,0.908914478,,16798.05,17094.35,1.763895214
29-09-2022,,1494.3,1545.8,3.446429766,,16993.6,16818.1,-1.032741738
28-09-2022,,1533.85,1494.3,-2.578478991,,16870.55,16858.6,-0.070833494
27-09-2022,,1512.8,1533.85,1.391459545,,17110.9,17007.4,-0.604877593
26-09-2022,,1516.2,1512.8,-0.224244823,,17156.3,17016.3,-0.816026766
23-09-2022,,1537.7,1516.2,-1.398192105,,17593.85,17327.35,-1.514733842
22-09-2022,,1500.5,1537.7,2.479173609,,17609.65,17629.8,0.114425897
21-09-2022,,1513.5,1500.5,-0.858936241,,17766.35,17718.35,-0.270173671
20-09-2022,,1480.35,1513.5,2.239335292,,17770.4,17816.25,0.258013326
19-09-2022,,1478.7,1480.35,0.1115845,,17540.65,17622.25,0.465205109
16-09-2022,,1499.4,1478.7,-1.380552221,,17796.8,17530.85,-1.494369774
15-09-2022,,1502.05,1499.4,-0.176425552,,18046.35,17877.4,-0.936200395
14-09-2022,,1511.8,1502.05,-0.644926578,,17771.15,18003.75,1.30886296
13-09-2022,,1503.9,1511.8,0.525300884,,18044.45,18070.05,0.141871878
12-09-2022,,1523.4,1503.9,-1.280031508,,17890.85,17936.35,0.254319946
09-09-2022,,1509.4,1523.4,0.927520869,,17923.35,17833.35,-0.502138272
08-09-2022,,1521.7,1509.4,-0.808306499,,17748.15,17798.75,0.285100137
07-09-2022,,1502.9,1521.7,1.250914898,,17519.4,17624.4,0.599335594
06-09-2022,,1520.75,1502.9,-1.173762946,,17695.7,17655.6,-0.226608724
05-09-2022,,1519.85,1520.75,0.05921637,,17546.45,17665.8,0.680194569
02-09-2022,,1535.35,1519.85,-1.009541798,,17598.4,17539.45,-0.334973634
01-09-2022,,1550.55,1535.35,-0.980297314,,17485.7,17542.8,0.326552554
30-08-2022,,1541.45,1550.55,0.590353239,,17414.95,17759.3,1.977324081
29-08-2022,,1547.8,1541.45,-0.410259723,,17188.65,17312.9,0.722860725
26-08-2022,,1532.4,1547.8,1.004959541,,17619.3,17558.9,-0.3428059
25-08-2022,,1554.1,1532.4,-1.396306544,,17679,17522.45,-0.885513887
24-08-2022,,1533.3,1554.1,1.356551229,,17525.45,17604.95,0.453626012
23-08-2022,,1526.75,1533.3,0.429015883,,17357.35,17577.5,1.268338773
22-08-2022,,1542.75,1526.75,-1.037109058,,17682.9,17490.7,-1.086925787
19-08-2022,,1561,1542.75,-1.169122357,,17966.55,17758.45,-1.158263551
18-08-2022,,1557.65,1561,0.21506757,,17898.65,17956.5,0.323208734
17-08-2022,,1573.7,1557.65,-1.019889433,,17868.15,17944.25,0.425897477
16-08-2022,,1539.95,1573.7,2.191629598,,17797.2,17825.25,0.157609062
12-08-2022,,1535.65,1539.95,0.280011721,,17659.65,17698.15,0.218011116
11-08-2022,,1542.9,1535.65,-0.469894355,,17711.65,17659,-0.297261972
10-08-2022,,1555.1,1542.9,-0.784515465,,17566.1,17534.75,-0.178468755
08-08-2022,,1556.55,1555.1,-0.093154733,,17401.5,17525.1,0.710283596
05-08-2022,,1560.7,1556.55,-0.265906324,,17423.65,17397.5,-0.150083364
04-08-2022,,1512.9,1560.7,3.15949501,,17463.1,17382,-0.464407808
03-08-2022,,1517.25,1512.9,-0.286702916,,17349.25,17388.15,0.224217185
02-08-2022,,1525.65,1517.25,-0.550584997,,17310.15,17345.45,0.203926598
01-08-2022,,1528.8,1525.65,-0.206043956,,17243.2,17340.05,0.561670688
29-07-2022,,1502.8,1528.8,1.730103806,,17079.5,17158.25,0.461079071
28-07-2022,,1494.65,1502.8,0.545278159,,16774.85,16929.6,0.922511975
27-07-2022,,1467.65,1494.65,1.839675672,,16475.35,16641.8,1.010297202
26-07-2022,,1484.45,1467.65,-1.131732291,,16632.9,16483.85,-0.89611553
25-07-2022,,1480.3,1484.45,0.280348578,,16662.55,16631,-0.189346769
22-07-2022,,1484.75,1480.3,-0.299713757,,16661.25,16719.45,0.349313527
21-07-2022,,1496.6,1484.75,-0.791794735,,16523.55,16605.25,0.494445806
20-07-2022,,1498.05,1496.6,-0.096792497,,16562.8,16520.85,-0.253278431
19-07-2022,,1506.05,1498.05,-0.531190864,,16187.05,16340.55,0.94828891
18-07-2022,,1518,1506.05,-0.787220026,,16151.4,16278.5,0.786928687
15-07-2022,,1499.85,1518,1.210121012,,16010.8,16049.2,0.239838109
14-07-2022,,1485.7,1499.85,0.952413004,,16018.85,15938.65,-0.50066016
13-07-2022,,1483.45,1485.7,0.151673464,,16128.2,15966.65,-1.001661686
12-07-2022,,1484.05,1483.45,-0.040429905,,16126.2,16058.3,-0.421053937
11-07-2022,,1466.7,1484.05,1.182927661,,16136.15,16216,0.494851622
08-07-2022,,2948.55,1466.7,-50.25690594,,16273.65,16220.6,-0.325987102
07-07-2022,,2899.5,2948.55,1.691670978,,16113.75,16132.9,0.118842603
06-07-2022,,2892.1,2899.5,0.255869437,,15818.2,15989.8,1.084826339
05-07-2022,,2904.15,2892.1,-0.414923472,,15909.15,15810.85,-0.617883419
04-07-2022,,2916.95,2904.15,-0.438814515,,15710.5,15835.35,0.794691448
01-07-2022,,2860.25,2916.95,1.982344201,,15703.7,15752.05,0.307889224
30-06-2022,,2840.05,2860.25,0.711255084,,15774.5,15780.25,0.036451235
29-06-2022,,2883.75,2840.05,-1.51538795,,15701.7,15799.1,0.620314998
28-06-2022,,2862.65,2883.75,0.73707928,,15757.45,15850.2,0.588610467
27-06-2022,,2869.25,2862.65,-0.230025268,,15926.2,15832.05,-0.591164245
24-06-2022,,2855.4,2869.25,0.485045878,,15657.4,15699.25,0.267285756
23-06-2022,,2818.05,2855.4,1.325384574,,15451.55,15556.65,0.68019066
22-06-2022,,2823.6,2818.05,-0.196557586,,15545.65,15413.3,-0.851363565
21-06-2022,,2766.35,2823.6,2.069513981,,15455.95,15638.8,1.183039541
20-06-2022,,2757.9,2766.35,0.306392545,,15334.5,15350.15,0.102057452
17-06-2022,,2799.05,2757.9,-1.470141655,,15272.65,15293.5,0.136518548
16-06-2022,,2817.75,2799.05,-0.663650075,,15832.25,15360.6,-2.979045935
15-06-2022,,2815.15,2817.75,0.092357423,,15729.25,15692.15,-0.2358663
14-06-2022,,2834.2,2815.15,-0.672147343,,15674.25,15732.1,0.36907667
13-06-2022,,2864.25,2834.2,-1.049140264,,15877.55,15774.4,-0.649659425
10-06-2022,,2889.1,2864.25,-0.860129452,,16283.95,16201.8,-0.504484477
09-06-2022,,2814.95,2889.1,2.634149807,,16263.85,16478.1,1.317338761
08-06-2022,,2789.85,2814.95,0.899689947,,16474.95,16356.25,-0.720487771
07-06-2022,,2781.35,2789.85,0.305606989,,16469.6,16416.35,-0.323322971
06-06-2022,,2780.3,2781.35,0.037765709,,16530.7,16569.55,0.235017271
03-06-2022,,2815.3,2780.3,-1.243206763,,16761.65,16584.3,-1.058070059
02-06-2022,,2816.45,2815.3,-0.040831543,,16481.65,16628,0.887957213
01-06-2022,,2832.6,2816.45,-0.570147568,,16594.4,16522.75,-0.431772164
31-05-2022,,2885.25,2832.6,-1.824798544,,16578.45,16584.55,0.036794755
30-05-2022,,2936.95,2885.25,-1.760329594,,16527.9,16661.4,0.807725119
27-05-2022,,2900.95,2936.95,1.240972785,,16296.6,16352.45,0.342709522
26-05-2022,,2634.8,2900.95,10.10133596,,16105,16170.15,0.404532754
25-05-2022,,2589.2,2634.8,1.761161749,,16196.35,16025.8,-1.053015031
24-05-2022,,2616.55,2589.2,-1.045269534,,16225.55,16125.15,-0.618777176
23-05-2022,,2664.7,2616.55,-1.806957631,,16290.95,16214.7,-0.46805128
20-05-2022,,2592.3,2664.7,2.792886626,,16043.8,16266.15,1.385893616
19-05-2022,,2636.95,2592.3,-1.693244089,,15917.4,15809.4,-0.678502771
18-05-2022,,2618.1,2636.95,0.719987777,,16318.15,16240.3,-0.477076139
17-05-2022,,2581.25,2618.1,1.427602906,,15912.6,16259.3,2.178776567
16-05-2022,,2582.6,2581.25,-0.052272903,,15845.1,15842.3,-0.017671078
13-05-2022,,2504.4,2582.6,3.122504392,,15977,15782.15,-1.219565626
12-05-2022,,2552.9,2504.4,-1.899800227,,16021.1,15808,-1.330120903
11-05-2022,,2579.15,2552.9,-1.017777175,,16270.05,16167.1,-0.632757736
10-05-2022,,2597.2,2579.15,-0.694979208,,16248.9,16240.05,-0.054465225
09-05-2022,,2650.85,2597.2,-2.023879133,,16227.7,16301.85,0.456934747
06-05-2022,,2683.45,2650.85,-1.214854013,,16415.55,16411.25,-0.026194675
05-05-2022,,2692.25,2683.45,-0.326864147,,16854.75,16682.65,-1.021077144
04-05-2022,,2792.5,2692.25,-3.589973142,,17096.6,16677.6,-2.450779687
02-05-2022,,2814.35,2792.5,-0.776378205,,16924.45,17069.1,0.854680654
29-04-2022,,2785.1,2814.35,1.05023159,,17329.25,17102.55,-1.308192795
28-04-2022,,2709.6,2785.1,2.786389135,,17189.5,17245.05,0.323162396
27-04-2022,,2735.05,2709.6,-0.930513153,,17073.35,17038.4,-0.204704993
26-04-2022,,2732.3,2735.05,0.100647806,,17121.3,17200.8,0.4643339
25-04-2022,,2737.55,2732.3,-0.191777319,,17009.05,16953.95,-0.323945194
22-04-2022,,2829.95,2737.55,-3.265075355,,17242.75,17171.95,-0.410607357
21-04-2022,,2859.65,2829.95,-1.038588638,,17234.6,17392.6,0.91676047
20-04-2022,,2840.35,2859.65,0.679493724,,17045.25,17136.55,0.535633094
19-04-2022,,2853.7,2840.35,-0.467813716,,17258.95,16958.65,-1.7399668
18-04-2022,,2849.5,2853.7,0.14739428,,17183.45,17173.65,-0.057031621
13-04-2022,,2806.75,2849.5,1.523113922,,17599.9,17475.65,-0.70596992
12-04-2022,,2793.6,2806.75,0.470718786,,17584.85,17530.3,-0.310210209
11-04-2022,,2801.8,2793.6,-0.292668999,,17740.9,17674.95,-0.371739878
08-04-2022,,2752.5,2801.8,1.791099001,,17698.15,17784.35,0.487056557
07-04-2022,,2733.25,2752.5,0.704289765,,17723.3,17639.55,-0.472541795
06-04-2022,,2786.25,2733.25,-1.902198295,,17842.75,17807.65,-0.196718555
05-04-2022,,2830.65,2786.25,-1.568544327,,18080.6,17957.4,-0.681393317
04-04-2022,,2786.7,2830.65,1.577134245,,17809.1,18053.4,1.371770612
01-04-2022,,2791.95,2786.7,-0.188040617,,17436.9,17670.45,1.339400926
31-03-2022,,2828.35,2791.95,-1.286969434,,17519.2,17464.75,-0.310801863
30-03-2022,,2809.9,2828.35,0.656606997,,17468.15,17498.25,0.172313611
29-03-2022,,2728.3,2809.9,2.990873438,,17297.2,17325.3,0.162454039
28-03-2022,,2743.15,2728.3,-0.54134845,,17181.85,17222,0.233676816
25-03-2022,,2828.4,2743.15,-3.01407156,,17289,17153,-0.786627335
24-03-2022,,2831.1,2828.4,-0.095369291,,17094.95,17222.75,0.7475892
23-03-2022,,2762.2,2831.1,2.494388531,,17405.05,17245.65,-0.915826154
22-03-2022,,2763.6,2762.2,-0.050658561,,17120.4,17315.5,1.139576178
21-03-2022,,2874.6,2763.6,-3.861406804,,17329.5,17117.6,-1.22277042
17-03-2022,,2850,2874.6,0.863157895,,17202.9,17287.05,0.489161711
16-03-2022,,2870.6,2850,-0.71762001,,16876.65,16975.35,0.584831705
15-03-2022,,2829,2870.6,1.47048427,,16900.65,16663,-1.406158935
14-03-2022,,2823.25,2829,0.203665988,,16633.7,16871.3,1.428425425
11-03-2022,,2769.2,2823.25,1.951827243,,16528.8,16630.45,0.614987174
10-03-2022,,2774.6,2769.2,-0.194622648,,16757.1,16594.9,-0.967947915
09-03-2022,,2745,2774.6,1.078324226,,16078,16345.35,1.662831198
08-03-2022,,2698.55,2745,1.721294769,,15747.75,16013.45,1.687225159
07-03-2022,,2740.5,2698.55,-1.530742565,,15867.95,15863.15,-0.030249654
04-03-2022,,2800.85,2740.5,-2.154703037,,16339.45,16245.35,-0.575906778
03-03-2022,,2772.15,2800.85,1.035297513,,16723.2,16498.05,-1.346333238
02-03-2022,,2749.9,2772.15,0.809120332,,16593.1,16605.95,0.077441828
28-02-2022,,2705.7,2749.9,1.633588351,,16481.6,16793.9,1.894840307
25-02-2022,,2669,2705.7,1.375046834,,16515.65,16658.4,0.86433171
24-02-2022,,2738.15,2669,-2.525427752,,16548.9,16247.95,-1.818549873
23-02-2022,,2700.4,2738.15,1.397941046,,17194.5,17063.25,-0.763325482
22-02-2022,,2654.9,2700.4,1.713812196,,16847.95,17092.2,1.449731273
21-02-2022,,2663.95,2654.9,-0.339721091,,17192.25,17206.65,0.08375867
18-02-2022,,2592.45,2663.95,2.758008833,,17236.05,17276.3,0.233522182
17-02-2022,,2626.95,2592.45,-1.313310112,,17396.55,17304.6,-0.528553075
16-02-2022,,2592.9,2626.95,1.313201435,,17408.45,17322.2,-0.495449049
15-02-2022,,2551.2,2592.9,1.634524929,,16933.25,17352.45,2.475602734
14-02-2022,,2590.6,2551.2,-1.520883193,,17076.15,16842.8,-1.366525827
11-02-2022,,2597.15,2590.6,-0.252199526,,17451,17374.75,-0.436937711
10-02-2022,,2601.15,2597.15,-0.153778137,,17554.1,17605.85,0.294802924
09-02-2022,,2600.3,2601.15,0.032688536,,17370.1,17463.8,0.539432703
08-02-2022,,2614.35,2600.3,-0.537418479,,17279.85,17266.75,-0.075810843
07-02-2022,,2682.9,2614.35,-2.555071005,,17456.3,17213.6,-1.390328993
04-02-2022,,2707.35,2682.9,-0.903097124,,17590.2,17516.3,-0.420120294
03-02-2022,,2738.55,2707.35,-1.13928904,,17767.75,17560.2,-1.168127647
02-02-2022,,2678.65,2738.55,2.236201071,,17706.2,17780,0.416803154
01-02-2022,,2671.45,2678.65,0.269516555,,17529.45,17576.85,0.270402095
31-01-2022,,2657.65,2671.45,0.519255733,,17301.05,17339.85,0.224263845
28-01-2022,,2683.5,2657.65,-0.963294205,,17208.3,17101.95,-0.618015725
27-01-2022,,3161,2683.5,-15.10597912,,17062,17110.15,0.282206072
25-01-2022,,3117.85,3161,1.383966515,,17001.55,17277.95,1.625734124
24-01-2022,,3165.15,3117.85,-1.494399949,,17575.15,17149.1,-2.424161387
21-01-2022,,3204.8,3165.15,-1.23720669,,17613.7,17617.15,0.019587026
20-01-2022,,3201.15,3204.8,0.114021524,,17921,17757,-0.915127504
19-01-2022,,3186.8,3201.15,0.450294967,,18129.2,17938.4,-1.052445778
18-01-2022,,3191,3186.8,-0.131620182,,18337.2,18113.05,-1.222378553
17-01-2022,,3194.2,3191,-0.100181579,,18235.65,18308.1,0.397298698
14-01-2022,,3189.2,3194.2,0.15677913,,18185,18255.75,0.389056915
13-01-2022,,3159.9,3189.2,0.927244533,,18257,18257.8,0.004381881
12-01-2022,,3125.8,3159.9,1.090920724,,18170.4,18212.35,0.230869986
11-01-2022,,3144.35,3125.8,-0.589947048,,17997.75,18055.75,0.322262505
10-01-2022,,3140.5,3144.35,0.122591944,,17913.3,18003.3,0.50241999
07-01-2022,,3158.85,3140.5,-0.580907609,,17797.6,17812.7,0.0848429
06-01-2022,,3199.95,3158.85,-1.284395069,,17768.5,17745.9,-0.127191378
05-01-2022,,3208.85,3199.95,-0.277357932,,17820.1,17925.25,0.590064029
04-01-2022,,3252.1,3208.85,-1.329909904,,17681.4,17805.25,0.700453584
03-01-2022,,3278.45,3252.1,-0.803733472,,17387.15,17625.7,1.371990234
31-12-2021,,3190.95,3278.45,2.742130087,,17244.5,17354.05,0.635275015
30-12-2021,,3185.7,3190.95,0.164798945,,17201.45,17203.95,0.014533658
29-12-2021,,3142.4,3185.7,1.377927699,,17220.1,17213.6,-0.037746587
28-12-2021,,3148.75,3142.4,-0.201667328,,17177.6,17233.25,0.323968424
27-12-2021,,3046.2,3148.75,3.366489397,,16937.75,17086.25,0.876739827
24-12-2021,,3162.5,3046.2,-3.677470356,,17149.5,17003.75,-0.849879005
23-12-2021,,3081.8,3162.5,2.61859952,,17066.8,17072.6,0.033984109
22-12-2021,,3073.35,3081.8,0.274944279,,16865.55,16955.45,0.533039243
21-12-2021,,3067.85,3073.35,0.179278648,,16773.15,16770.85,-0.013712392
20-12-2021,,3081.3,3067.85,-0.436504073,,16824.25,16614.2,-1.248495475
17-12-2021,,3092.05,3081.3,-0.347665788,,17276,16985.2,-1.683260014
16-12-2021,,3114.55,3092.05,-0.722415758,,17373,17248.4,-0.717204858
15-12-2021,,3120.55,3114.55,-0.192273798,,17323.65,17221.4,-0.590233582
14-12-2021,,3075,3120.55,1.481300813,,17283.2,17324.9,0.241274764
13-12-2021,,3086.65,3075,-0.377431844,,17619.1,17368.25,-1.423739011
10-12-2021,,3112.8,3086.65,-0.840079671,,17476.05,17511.3,0.201704619
09-12-2021,,3137.9,3112.8,-0.799898021,,17524.4,17516.85,-0.043082787
08-12-2021,,3074.6,3137.9,2.058804397,,17315.25,17469.75,0.892277039
07-12-2021,,2936.95,3074.6,4.686834982,,17044.1,17176.7,0.777981824
06-12-2021,,2981.8,2936.95,-1.504125025,,17209.05,16912.25,-1.724673936
03-12-2021,,2971.15,2981.8,0.358447066,,17424.9,17196.7,-1.309620141
02-12-2021,,2975.65,2971.15,-0.151227463,,17183.2,17401.65,1.271299874
01-12-2021,,3042.05,2975.65,-2.182738614,,17104.4,17166.9,0.365403054
30-11-2021,,3037.3,3042.05,0.156388898,,17051.15,16983.2,-0.398506846
29-11-2021,,3036.1,3037.3,0.03952439,,17055.8,17053.95,-0.01084675
26-11-2021,,2990.55,3036.1,1.523131197,,17338.75,17026.45,-1.801167904
25-11-2021,,2817.5,2990.55,6.141969831,,17417.3,17536.25,0.682941673
24-11-2021,,2821.5,2817.5,-0.141768563,,17550.05,17415.05,-0.769228578
23-11-2021,,2753.15,2821.5,2.482610828,,17281.75,17503.35,1.282277547
22-11-2021,,2791.3,2753.15,-1.366746677,,17796.25,17416.55,-2.133595561
18-11-2021,,2834.4,2791.3,-1.520604008,,17890.55,17764.8,-0.702885043
17-11-2021,,2789.05,2834.4,1.626001685,,17939.35,17898.65,-0.226875556
16-11-2021,,2794.65,2789.05,-0.200382874,,18127.05,17999.2,-0.705299539
15-11-2021,,2791.35,2794.65,0.118222366,,18140.95,18109.45,-0.1736403
12-11-2021,,2834.6,2791.35,-1.525788471,,17977.6,18102.75,0.69614409
11-11-2021,,2825.95,2834.6,0.306091757,,17967.45,17873.6,-0.522333442
10-11-2021,,2847.35,2825.95,-0.751576027,,17973.45,18017.2,0.243414592
09-11-2021,,2902.75,2847.35,-1.90853501,,18084.35,18044.25,-0.221738686
08-11-2021,,2819.35,2902.75,2.958128647,,18040.2,18068.55,0.157149034
04-11-2021,,2804.25,2819.35,0.538468396,,17935.05,17916.8,-0.101756059
03-11-2021,,2839.05,2804.25,-1.225762139,,17947.95,17829.2,-0.661635451
02-11-2021,,2879.4,2839.05,-1.401333611,,17970.9,17888.95,-0.456015002
01-11-2021,,2860.4,2879.4,0.664242763,,17783.15,17929.65,0.823813554
29-10-2021,,2783.3,2860.4,2.770093055,,17833.05,17671.65,-0.905061108
28-10-2021,,2821.45,2783.3,-1.352141629,,18187.65,17857.25,-1.81661732
27-10-2021,,2944.25,2821.45,-4.170841471,,18295.85,18210.95,-0.464039659
26-10-2021,,3084,2944.25,-4.531452659,,18154.5,18268.4,0.627392657
25-10-2021,,2969.4,3084,3.859365528,,18229.5,18125.4,-0.571052415
22-10-2021,,3012.55,2969.4,-1.432341372,,18230.7,18114.9,-0.635192286
21-10-2021,,2982.25,3012.55,1.016011401,,18382.7,18178.1,-1.113002987
20-10-2021,,3072.95,2982.25,-2.951561203,,18439.9,18266.6,-0.939809869
19-10-2021,,3111.75,3072.95,-1.2468868,,18602.35,18418.75,-0.986972076
18-10-2021,,3130.4,3111.75,-0.595770509,,18500.1,18477.05,-0.124593921
14-10-2021,,3127.35,3130.4,0.09752666,,18272.85,18338.55,0.359549824
13-10-2021,,3113.55,3127.35,0.443223973,,18097.85,18161.75,0.353080615
12-10-2021,,3167.2,3113.55,-1.693925234,,17915.8,17991.95,0.425043816
11-10-2021,,3075.3,3167.2,2.988326342,,17867.55,17945.95,0.438784277
08-10-2021,,3074.25,3075.3,0.034154672,,17886.85,17895.2,0.046682339
07-10-2021,,3064.95,3074.25,0.303430725,,17810.55,17790.35,-0.113415925
06-10-2021,,3129.3,3064.95,-2.056370434,,17861.5,17646,-1.206505613
05-10-2021,,3129.55,3129.3,-0.007988369,,17661.35,17822.3,0.911311989
04-10-2021,,3080.55,3129.55,1.590625051,,17615.55,17691.25,0.429733957
01-10-2021,,3085.5,3080.55,-0.160427807,,17531.9,17532.05,0.000855583
30-09-2021,,3134.85,3085.5,-1.574238002,,17718.9,17618.15,-0.568601888
29-09-2021,,3107.85,3134.85,0.868767798,,17657.95,17711.3,0.302130202
28-09-2021,,3088.55,3107.85,0.624888702,,17906.45,17748.6,-0.881525931
27-09-2021,,3100.1,3088.55,-0.372568627,,17932.2,17855.1,-0.429952822
24-09-2021,,3101.05,3100.1,-0.030634785,,17897.45,17853.2,-0.247241926
23-09-2021,,3085.5,3101.05,0.503970183,,17670.85,17822.95,0.86073958
22-09-2021,,3043.6,3085.5,1.376659219,,17580.9,17546.65,-0.19481369
21-09-2021,,3057.85,3043.6,-0.466013702,,17450.5,17562,0.638950173
20-09-2021,,3097.2,3057.85,-1.270502389,,17443.85,17396.9,-0.269149299
17-09-2021,,3114.25,3097.2,-0.547483343,,17709.65,17585.15,-0.703006553
16-09-2021,,3122.45,3114.25,-0.262614293,,17539.2,17629.5,0.514846743
15-09-2021,,3133.1,3122.45,-0.33991893,,17387.65,17519.45,0.758009277
14-09-2021,,3126.05,3133.1,0.225524224,,17420.35,17380,-0.231625656
13-09-2021,,3108.35,3126.05,0.569433944,,17363.55,17355.3,-0.047513325
09-09-2021,,3100.55,3108.35,0.25156827,,17312.85,17369.25,0.325769587
08-09-2021,,3094.55,3100.55,0.193889257,,17375.75,17353.5,-0.128052027
07-09-2021,,3130.5,3094.55,-1.148378853,,17401.55,17362.1,-0.226703943
06-09-2021,,3189.65,3130.5,-1.85443544,,17399.35,17377.8,-0.123855201
03-09-2021,,3143.15,3189.65,1.479407601,,17262.45,17323.6,0.354237087
02-09-2021,,3167.5,3143.15,-0.768745067,,17095.4,17234.15,0.81162184
01-09-2021,,3105.9,3167.5,1.983322064,,17185.6,17076.25,-0.636288521
31-08-2021,,3092.4,3105.9,0.436554133,,16947.5,17132.2,1.089836259
30-08-2021,,3046.9,3092.4,1.49332108,,16775.85,16931.05,0.925139412
27-08-2021,,3052.75,3046.9,-0.191630497,,16642.55,16705.2,0.376444716
26-08-2021,,3054.25,3052.75,-0.049111893,,16627.95,16636.9,0.053825036
25-08-2021,,3056.55,3054.25,-0.075248237,,16654,16634.65,-0.116188303
24-08-2021,,3061.95,3056.55,-0.176358203,,16561.4,16624.6,0.38161025
23-08-2021,,3036.1,3061.95,0.851421231,,16592.25,16496.45,-0.577377993
20-08-2021,,3052.25,3036.1,-0.529117864,,16382.5,16450.5,0.415077064
18-08-2021,,3008.05,3052.25,1.469390469,,16691.95,16568.85,-0.737481241
17-08-2021,,2954.85,3008.05,1.800429802,,16545.25,16614.6,0.419153533
16-08-2021,,2963.75,2954.85,-0.300295234,,16518.4,16563.05,0.27030463
13-08-2021,,2911.85,2963.75,1.782372032,,16385.7,16529.1,0.875153335
12-08-2021,,2902.05,2911.85,0.337692321,,16303.65,16364.4,0.372615948
11-08-2021,,3026.65,2902.05,-4.116762758,,16327.3,16282.25,-0.275918247
10-08-2021,,3073.5,3026.65,-1.524320807,,16274.8,16280.1,0.032565684
09-08-2021,,3063.95,3073.5,0.311689159,,16281.35,16258.25,-0.141880127
06-08-2021,,3056.7,3063.95,0.237183891,,16304.4,16238.2,-0.406025367
05-08-2021,,3073.8,3056.7,-0.556314659,,16288.95,16294.6,0.034686091
04-08-2021,,3101.5,3073.8,-0.893116234,,16195.25,16258.8,0.392399006
03-08-2021,,3076.35,3101.5,0.817527264,,15951.55,16130.75,1.123401801
02-08-2021,,3071.1,3076.35,0.17094852,,15874.9,15885.15,0.064567336
30-07-2021,,3037.4,3071.1,1.109501547,,15800.6,15763.05,-0.237649203
29-07-2021,,3084.7,3037.4,-1.533374396,,15762.7,15778.45,0.09991943
28-07-2021,,3002.85,3084.7,2.725743877,,15761.55,15709.4,-0.330868474
27-07-2021,,3079.2,3002.85,-2.47954014,,15860.5,15746.45,-0.719081996
26-07-2021,,3043.2,3079.2,1.1829653,,15849.3,15824.45,-0.156789259
23-07-2021,,3013.55,3043.2,0.983889433,,15856.8,15856.05,-0.004729832
22-07-2021,,2961.5,3013.55,1.757555293,,15736.6,15824.05,0.555710891
20-07-2021,,2969.2,2961.5,-0.259329112,,15703.95,15632.1,-0.457528202
19-07-2021,,2990.75,2969.2,-0.720555045,,15754.5,15752.4,-0.013329525
16-07-2021,,3001.3,2990.75,-0.351514344,,15958.35,15923.4,-0.219007604
15-07-2021,,3011.65,3001.3,-0.343665433,,15872.15,15924.2,0.327932889
14-07-2021,,3015.45,3011.65,-0.126017676,,15808.7,15853.95,0.286234795
13-07-2021,,3012.7,3015.45,0.091280247,,15794,15812.35,0.116183361
12-07-2021,,3005.05,3012.7,0.254571471,,15766.8,15692.6,-0.470609128
09-07-2021,,2945.5,3005.05,2.02172806,,15688.25,15689.8,0.009880006
08-07-2021,,2949.55,2945.5,-0.137309081,,15855.4,15727.9,-0.804142437
07-07-2021,,2931.9,2949.55,0.601998704,,15819.6,15879.65,0.379592404
06-07-2021,,2938.85,2931.9,-0.236487061,,15813.75,15818.25,0.028456249
05-07-2021,,2950.35,2938.85,-0.389784263,,15793.4,15834.35,0.259285524
02-07-2021,,2924.2,2950.35,0.894261678,,15705.85,15722.2,0.104101338
01-07-2021,,2901.6,2924.2,0.778880618,,15755.05,15680,-0.4763552
30-06-2021,,2922.25,2901.6,-0.706647275,,15776.9,15721.5,-0.351146296
29-06-2021,,2936.05,2922.25,-0.470019244,,15807.5,15748.45,-0.373556856
28-06-2021,,2886.25,2936.05,1.725422261,,15915.35,15814.7,-0.632408335
25-06-2021,,2885.3,2886.25,0.032925519,,15839.35,15860.35,0.132581198
24-06-2021,,2903.7,2885.3,-0.633674278,,15737.3,15790.45,0.337732648
23-06-2021,,2924.95,2903.7,-0.726508145,,15862.8,15686.95,-1.108568475
22-06-2021,,2920.4,2924.95,0.155800575,,15840.5,15772.75,-0.427701146
21-06-2021,,2897.7,2920.4,0.783379922,,15525.85,15746.5,1.421178229
18-06-2021,,2953.9,2897.7,-1.902569484,,15756.5,15683.35,-0.464252848
17-06-2021,,2890.2,2953.9,2.203999723,,15648.3,15691.4,0.27542928
16-06-2021,,2927.65,2890.2,-1.279182962,,15847.5,15767.55,-0.504495977
15-06-2021,,2979.75,2927.65,-1.748468831,,15866.95,15869.25,0.014495539
14-06-2021,,2879.8,2979.75,3.470727134,,15791.4,15811.85,0.129500868
11-06-2021,,2859.8,2879.8,0.699349605,,15796.45,15799.35,0.018358555
10-06-2021,,2798.65,2859.8,2.184982045,,15692.1,15737.75,0.290910713
09-06-2021,,2834.35,2798.65,-1.259548045,,15766.3,15635.35,-0.830568998
08-06-2021,,2824.8,2834.35,0.338077032,,15773.9,15740.1,-0.214278016
07-06-2021,,2811.55,2824.8,0.471270296,,15725.1,15751.65,0.168838354
04-06-2021,,2775.2,2811.55,1.309815509,,15712.5,15670.25,-0.268894193
03-06-2021,,2795,2775.2,-0.708407871,,15655.55,15690.35,0.222285388
02-06-2021,,2785.65,2795,0.335648771,,15520.35,15576.2,0.359850132
01-06-2021,,2741.35,2785.65,1.615992121,,15629.65,15574.85,-0.350615657
31-05-2021,,2714.05,2741.35,1.005876826,,15437.75,15582.8,0.939579926
28-05-2021,,2719.25,2714.05,-0.191229199,,15421.2,15435.65,0.093702176
27-05-2021,,2710.2,2719.25,0.333923696,,15323.95,15337.85,0.090707683
26-05-2021,,2723.7,2710.2,-0.495649301,,15257.05,15301.45,0.291013007
25-05-2021,,2718.05,2723.7,0.207869612,,15291.75,15208.45,-0.544738176
24-05-2021,,2717.95,2718.05,0.003679244,,15211.35,15197.7,-0.089735625
21-05-2021,,2723.3,2717.95,-0.196452833,,14987.8,15175.3,1.251017494
20-05-2021,,2754.4,2723.3,-1.129102527,,15042.6,14906.05,-0.907755308
19-05-2021,,2723.7,2754.4,1.127143224,,15058.6,15030.15,-0.188928586
18-05-2021,,2765.65,2723.7,-1.516822447,,15067.2,15108.1,0.271450568
17-05-2021,,2722.3,2765.65,1.592403482,,14756.25,14923.15,1.131046167
14-05-2021,,2725.85,2722.3,-0.130234606,,14749.4,14677.8,-0.485443476
12-05-2021,,2714.45,2725.85,0.41997458,,14823.55,14696.5,-0.857082143
11-05-2021,,2766.8,2714.45,-1.89207749,,14789.7,14850.75,0.412787278
10-05-2021,,2616.05,2766.8,5.762504539,,14928.25,14942.35,0.094451794
07-05-2021,,2607.05,2616.05,0.345217775,,14816.85,14823.15,0.042519159
06-05-2021,,2624.3,2607.05,-0.657318142,,14668.35,14724.8,0.384842194
05-05-2021,,2506.2,2624.3,4.712313463,,14604.15,14617.85,0.093808952
04-05-2021,,2526.55,2506.2,-0.805446162,,14687.25,14496.5,-1.298745511
03-05-2021,,2509.25,2526.55,0.689449039,,14481.05,14634.15,1.057243777
30-04-2021,,2500.45,2509.25,0.351936651,,14747.35,14631.1,-0.788277216
29-04-2021,,2502.3,2500.45,-0.073931983,,14979,14894.9,-0.5614527
28-04-2021,,2524.8,2502.3,-0.891159696,,14710.5,14864.55,1.047211176
27-04-2021,,2511.45,2524.8,0.53156543,,14493.8,14653.05,1.098745671
26-04-2021,,2531.95,2511.45,-0.809652639,,14449.45,14485,0.246030126
23-04-2021,,2576.7,2531.95,-1.736717507,,14326.35,14341.35,0.104702175
22-04-2021,,2604.85,2576.7,-1.080676431,,14219.15,14406.15,1.315127838
20-04-2021,,2596.2,2604.85,0.333179262,,14526.7,14296.4,-1.585356619
19-04-2021,,2619.5,2596.2,-0.889482726,,14306.6,14359.45,0.369409923
16-04-2021,,2565,2619.5,2.124756335,,14599.6,14617.85,0.125003425
15-04-2021,,2566.65,2565,-0.064286132,,14522.4,14581.45,0.406613232
13-04-2021,,2555.8,2566.65,0.424524611,,14364.9,14504.8,0.973901663
12-04-2021,,2574.75,2555.8,-0.735993786,,14644.65,14310.8,-2.279672099
09-04-2021,,2549.3,2574.75,0.998313262,,14882.65,14834.85,-0.32117936
08-04-2021,,2577.15,2549.3,-1.080651107,,14875.65,14873.8,-0.012436431
07-04-2021,,2562.9,2577.15,0.556010769,,14716.45,14819.05,0.697179007
06-04-2021,,2521.55,2562.9,1.639864369,,14737,14683.5,-0.363031825
05-04-2021,,2548.25,2521.55,-1.047777887,,14837.7,14637.8,-1.347243845
01-04-2021,,2545.05,2548.25,0.125734268,,14798.4,14867.35,0.465928749
31-03-2021,,2529.3,2545.05,0.622701933,,14811.85,14690.7,-0.817926187
30-03-2021,,2459.75,2529.3,2.827523122,,14628.5,14845.1,1.480671292
26-03-2021,,2443.75,2459.75,0.654731458,,14506.3,14507.3,0.006893557
25-03-2021,,2459.05,2443.75,-0.622191497,,14570.9,14324.9,-1.688296536
24-03-2021,,2473.85,2459.05,-0.598257776,,14712.45,14549.4,-1.108245058
23-03-2021,,2449.1,2473.85,1.010575313,,14768.55,14814.75,0.312826919
22-03-2021,,2414.2,2449.1,1.445613454,,14736.3,14736.4,0.000678596
19-03-2021,,2366.75,2414.2,2.004858984,,14471.15,14744,1.885475584
18-03-2021,,2417.85,2366.75,-2.113447898,,14855.5,14557.85,-2.003635017
17-03-2021,,2470.85,2417.85,-2.145010826,,14946.55,14721.3,-1.507036741
16-03-2021,,2431,2470.85,1.63924311,,14996.1,14910.45,-0.571148499
15-03-2021,,2461.2,2431,-1.227043719,,15048.4,14929.5,-0.790117222
12-03-2021,,2445.2,2461.2,0.654343203,,15321.15,15030.95,-1.894113693
10-03-2021,,2441.9,2445.2,0.135140669,,15202.15,15174.8,-0.179908763
09-03-2021,,2480.1,2441.9,-1.540260473,,15049.9,15098.4,0.322261277
08-03-2021,,2481.7,2480.1,-0.064471935,,15002.45,14956.2,-0.30828298
05-03-2021,,2496.4,2481.7,-0.588847941,,14977.95,14938.1,-0.266057772
04-03-2021,,2497.35,2496.4,-0.038040323,,15026.75,15080.75,0.359359143
03-03-2021,,2470.15,2497.35,1.101147704,,15064.4,15245.6,1.202835825
02-03-2021,,2439.7,2470.15,1.248104275,,14865.3,14919.1,0.361916678
01-03-2021,,2428.2,2439.7,0.473601845,,14702.5,14761.55,0.401632375
26-02-2021,,2467.5,2428.2,-1.592705167,,14888.6,14529.15,-2.414263262
25-02-2021,,2477.8,2467.5,-0.415691339,,15079.85,15097.35,0.1160489
24-02-2021,,2425.4,2477.8,2.160468376,,14729.15,14982,1.716663894
23-02-2021,,2451.8,2425.4,-1.076759931,,14782.25,14707.8,-0.503644574
22-02-2021,,2497,2451.8,-1.810172207,,14999.05,14675.7,-2.155803201
19-02-2021,,2521.2,2497,-0.959860384,,15074.8,14981.75,-0.617255287
18-02-2021,,2538.2,2521.2,-0.669765976,,15238.7,15118.95,-0.785828187
17-02-2021,,2588.8,2538.2,-1.954573548,,15279.9,15208.9,-0.464662727
16-02-2021,,2606.3,2588.8,-0.671449948,,15371.45,15313.45,-0.377322894
15-02-2021,,2601.85,2606.3,0.17103215,,15270.3,15314.7,0.290760496
12-02-2021,,2608.75,2601.85,-0.26449449,,15186.2,15163.3,-0.150794801
11-02-2021,,2586.1,2608.75,0.875836201,,15073.25,15173.3,0.663758645
10-02-2021,,2582.25,2586.1,0.149094782,,15119.05,15106.5,-0.083007861
09-02-2021,,2757.95,2582.25,-6.37067387,,15164.15,15109.3,-0.361708371
08-02-2021,,2752.05,2757.95,0.21438564,,15064.3,15115.8,0.34186786
05-02-2021,,2681.6,2752.05,2.627162888,,14952.6,14924.25,-0.189599133
04-02-2021,,2677.05,2681.6,0.169963206,,14789.05,14895.65,0.720803568
03-02-2021,,2571.55,2677.05,4.102584045,,14754.9,14789.95,0.237548204
02-02-2021,,2534.1,2571.55,1.477842232,,14481.1,14647.85,1.151500922
01-02-2021,,2608.15,2534.1,-2.839177195,,13758.6,14281.2,3.798351576
29-01-2021,,2663.85,2608.15,-2.090958575,,13946.6,13634.6,-2.237104384
28-01-2021,,2648.15,2663.85,0.592866718,,13810.4,13817.55,0.051772577
27-01-2021,,2635.25,2648.15,0.489517124,,14237.95,13967.5,-1.899500982
25-01-2021,,2690.35,2635.25,-2.048060661,,14477.8,14238.9,-1.650112586
22-01-2021,,2738.95,2690.35,-1.7744026,,14583.4,14371.9,-1.450279084
21-01-2021,,2722.15,2738.95,0.617159231,,14730.95,14590.35,-0.954453039
20-01-2021,,2750.9,2722.15,-1.045112509,,14538.3,14644.7,0.731859984
19-01-2021,,2645.1,2750.9,3.999848777,,14371.65,14521.15,1.040242422
18-01-2021,,2711.7,2645.1,-2.456023896,,14453.3,14281.3,-1.190039645
15-01-2021,,2785.55,2711.7,-2.651181993,,14594.35,14433.7,-1.100768448
14-01-2021,,2766.65,2785.55,0.683136645,,14550.05,14595.6,0.313057343
13-01-2021,,2833.5,2766.65,-2.359272984,,14639.8,14564.85,-0.511960546
12-01-2021,,2851.45,2833.5,-0.629504287,,14473.8,14563.45,0.619395045
11-01-2021,,2851.9,2851.45,-0.015778954,,14474.05,14484.75,0.073925404
08-01-2021,,2775.95,2851.9,2.736000288,,14258.4,14347.25,0.623141446
07-01-2021,,2790.7,2775.95,-0.528541226,,14253.75,14137.35,-0.816627203
06-01-2021,,2809.45,2790.7,-0.667390414,,14240.95,14146.25,-0.664983727
05-01-2021,,2794.65,2809.45,0.529583311,,14075.15,14199.5,0.883471935
04-01-2021,,2795.05,2794.65,-0.014311014,,14104.35,14132.9,0.202419821
01-01-2021,,2802.7,2795.05,-0.272951083,,13996.1,14018.5,0.160044584
31-12-2020,,2793,2802.7,0.347296813,,13970,13981.75,0.084108805
30-12-2020,,2758.8,2793,1.239669421,,13980.9,13981.95,0.007510246
29-12-2020,,2795.2,2758.8,-1.302232398,,13910.35,13932.6,0.159952841
28-12-2020,,2785.35,2795.2,0.353635988,,13815.15,13873.2,0.420190877
24-12-2020,,2799.65,2785.35,-0.510778133,,13672.15,13749.25,0.563920086
23-12-2020,,2743.6,2799.65,2.042936288,,13473.5,13601.1,0.947044198
22-12-2020,,2668.05,2743.6,2.831656078,,13373.65,13466.3,0.692780206
21-12-2020,,2779.1,2668.05,-3.995897953,,13741.9,13328.4,-3.009045329
18-12-2020,,2760.55,2779.1,0.671967543,,13764.4,13760.55,-0.027970707
17-12-2020,,2788.95,2760.55,-1.01830438,,13713.55,13740.7,0.197979371
16-12-2020,,2749.2,2788.95,1.445875164,,13663.1,13682.7,0.143452072
15-12-2020,,2703.8,2749.2,1.679118278,,13547.2,13567.85,0.152430022
14-12-2020,,2646.7,2703.8,2.157403559,,13571.45,13558.15,-0.097999845
11-12-2020,,2651.7,2646.7,-0.188558283,,13512.3,13513.85,0.01147103
10-12-2020,,2655.4,2651.7,-0.139338706,,13488.5,13478.3,-0.075619973
09-12-2020,,2671.55,2655.4,-0.604517976,,13458.1,13529.1,0.527563326
08-12-2020,,2690.9,2671.55,-0.719090267,,13393.85,13392.95,-0.006719502
07-12-2020,,2665.25,2690.9,0.962386268,,13264.85,13355.75,0.685269717
04-12-2020,,2670.15,2665.25,-0.18351029,,13177.4,13258.55,0.615827098
03-12-2020,,2690.05,2670.15,-0.739763201,,13215.3,13133.9,-0.615952721
02-12-2020,,2653.6,2690.05,1.373605668,,13121.4,13113.75,-0.058301706
01-12-2020,,2615.1,2653.6,1.472219036,,13062.2,13109.05,0.358668524
27-11-2020,,2615.7,2615.1,-0.02293841,,13012.05,12968.95,-0.331231435
26-11-2020,,2584.8,2615.7,1.195450325,,12906.45,12987,0.624106551
25-11-2020,,2622.65,2584.8,-1.443196767,,13130,12858.4,-2.068545316
24-11-2020,,2601.95,2622.65,0.795557178,,13002.6,13055.15,0.404149939
23-11-2020,,2609.9,2601.95,-0.304609372,,12960.3,12926.45,-0.261182226
20-11-2020,,2634.6,2609.9,-0.937523723,,12813.4,12859.05,0.356267657
19-11-2020,,2676.55,2634.6,-1.567316135,,12839.5,12771.7,-0.528057946
18-11-2020,,2656.2,2676.55,0.766132068,,12860.1,12938.25,0.607693564
17-11-2020,,2728.05,2656.2,-2.633749381,,12932.5,12874.2,-0.450802242
14-11-2020,,2729.35,2728.05,-0.047630388,,12823.35,12780.25,-0.33610562
13-11-2020,,2618.8,2729.35,4.221399114,,12659.7,12719.95,0.475919651
12-11-2020,,2556.05,2618.8,2.454959801,,12702.15,12690.8,-0.089354952
11-11-2020,,2431.7,2556.05,5.113706461,,12680.6,12749.15,0.540589562
10-11-2020,,2552.1,2431.7,-4.717683476,,12556.4,12631.1,0.59491574
09-11-2020,,2556.5,2552.1,-0.172110307,,12399.4,12461.05,0.497201477
06-11-2020,,2604.3,2556.5,-1.835426026,,12156.65,12263.55,0.879354098
05-11-2020,,2600.7,2604.3,0.13842427,,12062.4,12120.3,0.480003979
04-11-2020,,2576.95,2600.7,0.921632162,,11783.35,11908.5,1.06209185
03-11-2020,,2547.55,2576.95,1.15404997,,11734.45,11813.5,0.673657479
02-11-2020,,2566.85,2547.55,-0.751894345,,11697.35,11669.15,-0.241080245
30-10-2020,,2519.55,2566.85,1.877319363,,11678.45,11642.4,-0.308688225
29-10-2020,,2545.8,2519.55,-1.031110064,,11633.3,11670.8,0.322350494
28-10-2020,,2600.35,2545.8,-2.097794528,,11922.6,11729.6,-1.618774428
27-10-2020,,2656.65,2600.35,-2.119210284,,11807.1,11889.4,0.697038223
26-10-2020,,2733.75,2656.65,-2.820301783,,11937.4,11767.75,-1.421163737
23-10-2020,,2715.15,2733.75,0.685045025,,11957.9,11930.35,-0.230391624
22-10-2020,,2702.9,2715.15,0.453216915,,11890,11896.45,0.054247267
21-10-2020,,2711.65,2702.9,-0.322681762,,11958.55,11937.65,-0.174770353
20-10-2020,,2673.1,2711.65,1.442145823,,11861,11896.8,0.301829525
19-10-2020,,2744.2,2673.1,-2.590919029,,11879.2,11873.05,-0.051771163
16-10-2020,,2721.2,2744.2,0.845215346,,11727.4,11762.45,0.298872725
15-10-2020,,2758.45,2721.2,-1.350396056,,12023.45,11680.35,-2.853590276
14-10-2020,,2813.8,2758.45,-1.967090767,,11917.4,11971.05,0.450182087
13-10-2020,,2840.8,2813.8,-0.950436497,,11934.65,11934.5,-0.001256845
12-10-2020,,2799.7,2840.8,1.46801443,,11973.55,11930.95,-0.355784208
09-10-2020,,2866.45,2799.7,-2.328664376,,11852.05,11914.2,0.524381858
08-10-2020,,2811.75,2866.45,1.945407664,,11835.4,11834.6,-0.006759383
07-10-2020,,2815.1,2811.75,-0.119001101,,11679.25,11738.85,0.510306741
06-10-2020,,2822.55,2815.1,-0.263945723,,11603.45,11662.4,0.508038557
05-10-2020,,2817.2,2822.55,0.18990487,,11487.8,11503.35,0.135360992
01-10-2020,,2799.95,2817.2,0.61608243,,11364.45,11416.95,0.461966923
30-09-2020,,2711.2,2799.95,3.273458247,,11244.45,11247.55,0.027569156
29-09-2020,,2693.45,2711.2,0.659006107,,11288.6,11222.4,-0.58643233
28-09-2020,,2719.25,2693.45,-0.948791027,,11140.85,11227.55,0.778217102
25-09-2020,,2650.25,2719.25,2.603527969,,10910.4,11050.25,1.281804517
24-09-2020,,2660.95,2650.25,-0.402112028,,11011,10805.55,-1.865861411
23-09-2020,,2726.65,2660.95,-2.409550181,,11258.75,11131.85,-1.127123349
22-09-2020,,2711.6,2726.65,0.555022865,,11301.75,11153.65,-1.310416528
21-09-2020,,2876.3,2711.6,-5.726106456,,11503.8,11250.55,-2.201446479
18-09-2020,,2841.25,2876.3,1.233611967,,11584.1,11504.95,-0.683264129
17-09-2020,,2843.05,2841.25,-0.063312288,,11539.4,11516.1,-0.201916911
16-09-2020,,2850.5,2843.05,-0.261357657,,11538.45,11604.55,0.57286724
15-09-2020,,2797.55,2850.5,1.892727565,,11487.2,11521.8,0.301204819
14-09-2020,,2837.2,2797.55,-1.397504582,,11540.15,11440.05,-0.867406403
11-09-2020,,2814.55,2837.2,0.804746762,,11447.8,11464.45,0.145442793
10-09-2020,,2807.8,2814.55,0.240401738,,11363.3,11449.25,0.756382389
09-09-2020,,2753.65,2807.8,1.966480853,,11218.6,11278,0.529477831
08-09-2020,,2782.5,2753.65,-1.036837376,,11378.55,11317.35,-0.53785412
07-09-2020,,2769.2,2782.5,0.480283114,,11359.6,11355.05,-0.040054227
04-09-2020,,2797.45,2769.2,-1.009848255,,11354.4,11333.85,-0.180987106
03-09-2020,,2761.8,2797.45,1.290824824,,11566.2,11527.45,-0.335027926
02-09-2020,,2709.85,2761.8,1.917080281,,11478.55,11535,0.491786855
01-09-2020,,2661.6,2709.85,1.812819357,,11464.3,11470.25,0.051900247
31-08-2020,,2709.45,2661.6,-1.766041078,,11777.55,11387.5,-3.311809332
28-08-2020,,2747.05,2709.45,-1.368741013,,11602.95,11647.6,0.38481593
27-08-2020,,2755.2,2747.05,-0.295804297,,11609.3,11559.25,-0.431119878
26-08-2020,,2804.35,2755.2,-1.7526343,,11512.85,11549.6,0.319208537
25-08-2020,,2798.1,2804.35,0.223365855,,11513.1,11472.25,-0.354813213
24-08-2020,,2825.45,2798.1,-0.9679874,,11412,11466.45,0.477129338
21-08-2020,,2814.65,2825.45,0.383706678,,11409.65,11371.6,-0.333489634
20-08-2020,,2794.6,2814.65,0.717455092,,11317.45,11312.2,-0.046388542
19-08-2020,,2805.25,2794.6,-0.379645308,,11452.15,11408.4,-0.382024336
18-08-2020,,2792.1,2805.25,0.47097167,,11259.8,11385.35,1.115028686
17-08-2020,,2838.95,2792.1,-1.650258018,,11248.9,11247.1,-0.016001565
14-08-2020,,2798.95,2838.95,1.429107344,,11353.3,11178.4,-1.540521258
13-08-2020,,2816,2798.95,-0.60546875,,11334.85,11300.45,-0.303488798
12-08-2020,,2870.4,2816,-1.895206243,,11289,11308.4,0.171848702
11-08-2020,,3010.8,2870.4,-4.663212435,,11322.25,11322.5,0.002208042
10-08-2020,,2941.05,3010.8,2.371601979,,11270.25,11270.15,-0.000887292
07-08-2020,,2976.45,2941.05,-1.18933629,,11186.65,11214.05,0.244934811
06-08-2020,,2857.2,2976.45,4.173666527,,11185.7,11200.15,0.129182796
05-08-2020,,2828.7,2857.2,1.007529961,,11155.75,11101.65,-0.484951707
04-08-2020,,2727.95,2828.7,3.69324951,,10946.65,11095.25,1.357492932
03-08-2020,,2663.6,2727.95,2.415903289,,11057.55,10891.6,-1.500784532
31-07-2020,,2437.6,2663.6,9.271414506,,11139.5,11073.45,-0.592935051
30-07-2020,,2383.05,2437.6,2.289083318,,11254.3,11102.15,-1.351927708
29-07-2020,,2291.2,2383.05,4.008816341,,11276.9,11202.85,-0.656652094
28-07-2020,,2299.35,2291.2,-0.354447996,,11154.1,11300.55,1.312970119
27-07-2020,,2325.3,2299.35,-1.115985034,,11225,11131.8,-0.830289532
24-07-2020,,2350.95,2325.3,-1.0910483,,11149.95,11194.15,0.396414334
23-07-2020,,2337.9,2350.95,0.55819325,,11135,11215.45,0.722496632
22-07-2020,,2361.85,2337.9,-1.014035608,,11231.2,11132.6,-0.877911532
21-07-2020,,2372.5,2361.85,-0.448893572,,11126.1,11162.25,0.324911694
20-07-2020,,2393.7,2372.5,-0.885658186,,10999.45,11022.2,0.206828523
17-07-2020,,2404.7,2393.7,-0.457437518,,10752,10901.7,1.392299107
16-07-2020,,2392.7,2404.7,0.501525473,,10706.2,10739.95,0.3152379
15-07-2020,,2421.3,2392.7,-1.181183662,,10701,10618.2,-0.773759462
14-07-2020,,2359.6,2421.3,2.614849975,,10750.85,10607.35,-1.33477818
13-07-2020,,2353,2359.6,0.280492988,,10851.85,10802.7,-0.452918166
10-07-2020,,2363.3,2353,-0.435831253,,10764.1,10768.05,0.036696054
09-07-2020,,2342.8,2363.3,0.875021342,,10755.55,10813.45,0.538326724
08-07-2020,,2333.15,2342.8,0.413603926,,10818.65,10705.75,-1.043568283
07-07-2020,,2347.25,2333.15,-0.60070295,,10802.85,10799.65,-0.029621813
06-07-2020,,2395.2,2347.25,-2.001920508,,10723.85,10763.65,0.371135366
03-07-2020,,2350.95,2395.2,1.882217827,,10614.95,10607.35,-0.071597134
02-07-2020,,2338.1,2350.95,0.549591549,,10493.05,10551.7,0.558941395
01-07-2020,,2372.1,2338.1,-1.433329118,,10323.8,10430.05,1.029175304
30-06-2020,,2437.75,2372.1,-2.693057122,,10382.6,10302.1,-0.775335658
29-06-2020,,2471.15,2437.75,-1.351597434,,10311.95,10312.4,0.004363869
26-06-2020,,2500.1,2471.15,-1.157953682,,10378.9,10383,0.039503223
25-06-2020,,2462.05,2500.1,1.545460084,,10235.55,10288.9,0.521222602
24-06-2020,,2579.9,2462.05,-4.568006512,,10529.25,10305.3,-2.126932118
23-06-2020,,2589.85,2579.9,-0.384192135,,10347.95,10471,1.189124416
22-06-2020,,2543.35,2589.85,1.828297324,,10318.75,10311.2,-0.073167777
19-06-2020,,2521.65,2543.35,0.860547657,,10119,10244.4,1.239252891
18-06-2020,,2545.55,2521.65,-0.938893363,,9863.25,10091.65,2.315666743
17-06-2020,,2499,2545.55,1.862745098,,9876.7,9881.15,0.045055535
16-06-2020,,2463.15,2499,1.455453383,,10014.8,9914,-1.006510365
15-06-2020,,2485.95,2463.15,-0.917154408,,9919.35,9813.7,-1.06508995
12-06-2020,,2447.6,2485.95,1.566840987,,9544.95,9972.9,4.4835227
11-06-2020,,2458.9,2447.6,-0.459555086,,10094.1,9902,-1.903091905
10-06-2020,,2376.95,2458.9,3.447695576,,10072.6,10116.15,0.432361059
09-06-2020,,2366.25,2376.95,0.452192287,,10181.15,10046.65,-1.321068838
08-06-2020,,2367.75,2366.25,-0.063351283,,10326.75,10167.45,-1.542595686
05-06-2020,,2365.85,2367.75,0.080309403,,10093.8,10142.15,0.479006915
04-06-2020,,2307.75,2365.85,2.517603727,,10054.25,10029.1,-0.250142974
03-06-2020,,2369.45,2307.75,-2.603979827,,10108.3,10061.55,-0.46249122
02-06-2020,,2327,2369.45,1.824237215,,9880.85,9979.1,0.994347652
01-06-2020,,2362.55,2327,-1.504730059,,9726.85,9826.15,1.020885487
29-05-2020,,2357.95,2362.55,0.195084713,,9422.2,9580.3,1.677952071
28-05-2020,,2402.55,2357.95,-1.85636095,,9364.95,9490.1,1.336365918
27-05-2020,,2581.55,2402.55,-6.93381883,,9082.2,9314.95,2.562705071
26-05-2020,,2601,2581.55,-0.747789312,,9099.75,9029.05,-0.776944422
22-05-2020,,2618.75,2601,-0.677804296,,9067.9,9039.25,-0.315949669
21-05-2020,,2569.55,2618.75,1.914732152,,9079.45,9106.25,0.295172064
20-05-2020,,2499.05,2569.55,2.821072007,,8889.15,9066.55,1.995691377
19-05-2020,,2497.25,2499.05,0.072079287,,8961.7,8879.1,-0.921700124
18-05-2020,,2461.45,2497.25,1.454427268,,9158.3,8823.25,-3.658430058
15-05-2020,,2408.5,2461.45,2.198463774,,9182.4,9136.85,-0.496057676
14-05-2020,,2404.15,2408.5,0.18093713,,9213.95,9142.75,-0.772741332
13-05-2020,,2445.3,2404.15,-1.682820104,,9584.2,9383.55,-2.093549801
12-05-2020,,2495.9,2445.3,-2.027324813,,9168.85,9196.55,0.302109861
11-05-2020,,2438.6,2495.9,2.349708849,,9348.15,9239.2,-1.165471243
08-05-2020,,2354.6,2438.6,3.567484923,,9376.95,9251.5,-1.337855059
07-05-2020,,2320.7,2354.6,1.460766148,,9234.05,9199.05,-0.379031952
06-05-2020,,2365.85,2320.7,-1.908405013,,9226.8,9270.9,0.477955521
05-05-2020,,2375.85,2365.85,-0.420901993,,9429.4,9205.6,-2.37342779
04-05-2020,,2345.4,2375.85,1.298286007,,9533.5,9293.5,-2.517438506
30-04-2020,,2420.35,2345.4,-3.096659574,,9753.5,9859.9,1.09089045
29-04-2020,,2480.65,2420.35,-2.430814504,,9408.6,9553.35,1.538486066
28-04-2020,,2509.1,2480.65,-1.133872703,,9389.8,9380.9,-0.094783701
27-04-2020,,2430.5,2509.1,3.233902489,,9259.7,9282.3,0.244068382
24-04-2020,,2422.65,2430.5,0.324025344,,9163.9,9154.4,-0.103667652
23-04-2020,,2444.25,2422.65,-0.883706658,,9232.35,9313.9,0.883307067
22-04-2020,,2350.55,2444.25,3.986301078,,9026.75,9187.3,1.778602487
21-04-2020,,2331.25,2350.55,0.827882038,,9016.95,8981.45,-0.393702971
20-04-2020,,2246.8,2331.25,3.75867901,,9390.2,9261.85,-1.366850546
17-04-2020,,2334.85,2246.8,-3.7711202,,9323.45,9266.75,-0.608143981
16-04-2020,,2296.45,2334.85,1.672146139,,8851.25,8992.8,1.599209151
15-04-2020,,2375.3,2296.45,-3.319580685,,9196.4,8925.3,-2.947892654
13-04-2020,,2550.35,2375.3,-6.863763797,,9103.95,8993.85,-1.209365166
09-04-2020,,2537.35,2550.35,0.512345557,,8973.05,9111.9,1.547411415
08-04-2020,,2354.35,2537.35,7.772846008,,8688.9,8748.75,0.688809861
07-04-2020,,2077,2354.35,13.35339432,,8446.3,8792.2,4.095284326
03-04-2020,,1959,2077,6.023481368,,8356.55,8083.8,-3.263906756
01-04-2020,,1971.8,1959,-0.649153058,,8584.1,8253.8,-3.847811652
31-03-2020,,1960.1,1971.8,0.596908321,,8529.35,8597.75,0.801936842
30-03-2020,,1860.15,1960.1,5.37322259,,8385.95,8281.1,-1.250305571
27-03-2020,,1815.35,1860.15,2.467843667,,8949.1,8660.25,-3.227698875
26-03-2020,,1779.25,1815.35,2.02894478,,8451,8641.45,2.253579458
25-03-2020,,1818.35,1779.25,-2.150301097,,7735.15,8317.85,7.533144154
24-03-2020,,1796.15,1818.35,1.235976951,,7848.3,7801.05,-0.602041206
23-03-2020,,1893.9,1796.15,-5.161307355,,7945.7,7610.25,-4.221780334
20-03-2020,,1772.1,1893.9,6.873201287,,8284.45,8745.45,5.564642191
19-03-2020,,1815.25,1772.1,-2.377083046,,8063.3,8263.45,2.482234321
18-03-2020,,1986,1815.25,-8.597683787,,9088.45,8468.8,-6.817994267
17-03-2020,,1960.15,1986,1.318776624,,9285.4,8967.05,-3.428500657
16-03-2020,,1978.5,1960.15,-0.927470306,,9587.8,9197.4,-4.071841298
13-03-2020,,1987.9,1978.5,-0.472860808,,9107.6,9955.2,9.306513242
12-03-2020,,2138.9,1987.9,-7.059703586,,10039.95,9590.15,-4.480101993
11-03-2020,,2099.65,2138.9,1.869359179,,10334.3,10458.4,1.200855404
09-03-2020,,2196.1,2099.65,-4.391876508,,10742.05,10451.45,-2.705256445
06-03-2020,,2213.95,2196.1,-0.80625127,,10942.65,10989.45,0.427684336
05-03-2020,,2183.15,2213.95,1.410805487,,11306.05,11269,-0.327700656
04-03-2020,,2145.75,2183.15,1.74298031,,11351.35,11251,-0.88403582
03-03-2020,,2127.25,2145.75,0.869667411,,11217.55,11303.3,0.76442717
02-03-2020,,2150.3,2127.25,-1.07194345,,11387.35,11132.75,-2.235814303
28-02-2020,,2168.95,2150.3,-0.859863067,,11382,11201.75,-1.583640836
27-02-2020,,2251.1,2168.95,-3.649326996,,11661.25,11633.3,-0.23968271
26-02-2020,,2208.95,2251.1,1.908146404,,11738.55,11678.5,-0.511562331
25-02-2020,,2170.95,2208.95,1.750385776,,11877.5,11797.9,-0.6701747
24-02-2020,,2238.95,2170.95,-3.037137944,,12012.55,11829.4,-1.524655464
20-02-2020,,2242.15,2238.95,-0.142720157,,12119,12080.85,-0.31479495
19-02-2020,,2131.9,2242.15,5.171443313,,12090.6,12125.9,0.291962351
18-02-2020,,2143.35,2131.9,-0.534210465,,12028.25,11992.5,-0.297216968
17-02-2020,,2112.5,2143.35,1.46035503,,12131.8,12045.8,-0.708880793
14-02-2020,,2080.2,2112.5,1.552735314,,12190.15,12113.45,-0.629196523
13-02-2020,,2010.4,2080.2,3.471945881,,12219.55,12174.65,-0.367443973
12-02-2020,,2013.75,2010.4,-0.1663563,,12151,12201.2,0.413134721
11-02-2020,,2009.2,2013.75,0.226458292,,12108.4,12107.9,-0.004129365
10-02-2020,,2020.8,2009.2,-0.574030087,,12102.35,12031.5,-0.585423492
07-02-2020,,2001.4,2020.8,0.969321475,,12151.15,12098.35,-0.434526773
06-02-2020,,2001.25,2001.4,0.007495315,,12120,12137.95,0.14810231
05-02-2020,,1928.75,2001.25,3.758911212,,12005.85,12089.15,0.693828425
04-02-2020,,1906.1,1928.75,1.188290226,,11786.25,11979.65,1.640895111
03-02-2020,,1907.45,1906.1,-0.070775119,,11627.45,11707.9,0.691897192
01-02-2020,,1931.1,1907.45,-1.224690591,,11939,11661.85,-2.3213837
31-01-2020,,1936.3,1931.1,-0.268553427,,12100.4,11962.1,-1.142937424
30-01-2020,,1937.5,1936.3,-0.061935484,,12147.75,12035.8,-0.921569838
29-01-2020,,1916.4,1937.5,1.101022751,,12114.9,12129.5,0.120512757
28-01-2020,,2027.15,1916.4,-5.463335224,,12148.1,12055.8,-0.759789597
27-01-2020,,2036.95,2027.15,-0.481111466,,12197.1,12119,-0.640316141
24-01-2020,,2020.5,2036.95,0.814154912,,12174.55,12248.25,0.605361184
23-01-2020,,2000.95,2020.5,0.977035908,,12123.75,12180.35,0.466852253
22-01-2020,,2020.15,2000.95,-0.950424473,,12218.35,12106.9,-0.912152623
21-01-2020,,2027.7,2020.15,-0.372343049,,12195.3,12169.85,-0.208686953
20-01-2020,,2006.35,2027.7,1.064121415,,12430.5,12224.55,-1.656811874
17-01-2020,,1924.4,2006.35,4.258470173,,12328.4,12352.35,0.194266896
16-01-2020,,1898.2,1924.4,1.380254978,,12347.1,12355.5,0.068032169
15-01-2020,,1885.3,1898.2,0.684241235,,12349.4,12343.3,-0.049395112
14-01-2020,,1899.4,1885.3,-0.742339686,,12333.1,12362.3,0.236761236
13-01-2020,,1899.05,1899.4,0.018430268,,12296.7,12329.55,0.267144844
10-01-2020,,1878.8,1899.05,1.077815627,,12271,12256.8,-0.11571999
09-01-2020,,1866.35,1878.8,0.667077451,,12153.15,12215.9,0.516327043
08-01-2020,,1872.75,1866.35,-0.341743425,,11939.1,12025.35,0.722416263
07-01-2020,,1886.2,1872.75,-0.713073905,,12079.1,12052.95,-0.216489639
06-01-2020,,1900.1,1886.2,-0.731540445,,12170.6,11993.05,-1.458843442
03-01-2020,,1865.65,1900.1,1.84654142,,12261.1,12226.65,-0.280969897
02-01-2020,,1843.7,1865.65,1.19054076,,12198.55,12282.2,0.685737239
01-01-2020,,1849.05,1843.7,-0.289337768,,12202.15,12182.5,-0.161037194
31-12-2019,,1855.95,1849.05,-0.371777257,,12247.1,12168.45,-0.642192846
30-12-2019,,1863.85,1855.95,-0.423853851,,12274.9,12255.85,-0.155194747
27-12-2019,,1844.75,1863.85,1.035370646,,12172.9,12245.8,0.598871263
26-12-2019,,1857.1,1844.75,-0.665015347,,12211.85,12126.55,-0.698501865
24-12-2019,,1867.5,1857.1,-0.556894244,,12269.25,12214.55,-0.445830022
23-12-2019,,1837.4,1867.5,1.638184391,,12235.45,12262.75,0.223122157
20-12-2019,,1818.35,1837.4,1.047653092,,12266.45,12271.8,0.043614901
19-12-2019,,1819.2,1818.35,-0.046723835,,12223.4,12259.7,0.296971383
18-12-2019,,1834.3,1819.2,-0.823202312,,12197,12221.65,0.202098877
17-12-2019,,1872.4,1834.3,-2.034821619,,12082.45,12165,0.68322236
16-12-2019,,1865.6,1872.4,0.364493997,,12131.35,12053.95,-0.638016379
13-12-2019,,1857.6,1865.6,0.430663221,,12026.4,12086.7,0.501396927
12-12-2019,,1860.95,1857.6,-0.180015583,,11944.3,11971.8,0.230235342
11-12-2019,,1824.95,1860.95,1.972656785,,11867.35,11910.15,0.360653389
10-12-2019,,1866.7,1824.95,-2.236567204,,11950.5,11856.8,-0.784067612
09-12-2019,,1851.45,1866.7,0.823678738,,11939.1,11937.5,-0.013401345
06-12-2019,,1873.95,1851.45,-1.200672377,,12047.35,11921.5,-1.044628072
05-12-2019,,1874.35,1873.95,-0.021340731,,12071.25,12018.4,-0.437817127
04-12-2019,,1933.65,1874.35,-3.066739069,,11969.95,12043.2,0.611949089
03-12-2019,,1890.5,1933.65,2.282464956,,12067.65,11994.2,-0.608652057
02-12-2019,,1898.6,1890.5,-0.426630149,,12137.05,12048.2,-0.732055977
29-11-2019,,1883.85,1898.6,0.782971043,,12146.2,12056.05,-0.742207439
28-11-2019,,1874.25,1883.85,0.512204882,,12132.1,12151.15,0.157021455
27-11-2019,,1788.1,1874.25,4.817963201,,12068.5,12100.7,0.266810291
26-11-2019,,1760.1,1788.1,1.590818703,,12110.2,12037.7,-0.598668891
25-11-2019,,1711.85,1760.1,2.818588077,,11922.45,12073.75,1.269034469
